1,9,271.11,589.93,43.95,138.37,0.3006,-1,-1,-1
1,8,1445.57,498.45,30.43,85.98,0.3132,-1,-1,-1
1,7,539.67,551.47,32.50,88.89,0.3133,-1,-1,-1
1,6,500.83,551.07,35.87,89.52,0.3594,-1,-1,-1
1,5,121.73,708.25,52.92,96.51,0.4100,-1,-1,-1
1,4,1526.19,561.34,46.58,112.37,0.4233,-1,-1,-1
1,3,1609.11,558.15,56.10,115.71,0.6023,-1,-1,-1
1,2,1370.39,514.35,33.77,100.00,0.6447,-1,-1,-1
1,1,0.61,675.52,50.94,207.58,0.7037,-1,-1,-1
2,8,1448.77,491.21,31.32,91.43,0.3898,-1,-1,-1
2,7,538.64,529.62,32.12,99.86,0.2908,-1,-1,-1
2,6,500.42,535.44,39.07,95.21,0.3221,-1,-1,-1
2,5,108.67,699.63,50.34,95.50,0.5526,-1,-1,-1
2,4,1531.86,558.61,48.57,115.67,0.5625,-1,-1,-1
2,3,1615.31,549.22,60.78,124.59,0.6602,-1,-1,-1
2,2,1372.12,513.56,33.62,101.20,0.6425,-1,-1,-1
2,1,0.11,660.76,40.31,213.30,0.6570,-1,-1,-1
3,10,171.29,584.44,48.51,157.08,0.4275,-1,-1,-1
3,8,1451.04,486.24,32.28,92.65,0.3185,-1,-1,-1
3,7,538.09,554.16,31.75,90.33,0.2757,-1,-1,-1
3,6,500.53,550.75,36.65,92.26,0.3648,-1,-1,-1
3,5,105.74,724.24,44.04,97.58,0.5264,-1,-1,-1
3,4,1537.90,552.04,49.02,118.23,0.6498,-1,-1,-1
3,3,1620.00,548.64,63.03,120.07,0.6539,-1,-1,-1
3,2,1373.72,507.41,37.77,106.60,0.5891,-1,-1,-1
3,1,0.07,692.74,33.68,211.35,0.6504,-1,-1,-1
4,12,1495.76,497.90,26.20,83.20,0.3161,-1,-1,-1
4,8,1458.01,485.70,27.64,89.77,0.4457,-1,-1,-1
4,7,537.58,545.62,33.92,97.04,0.3706,-1,-1,-1
4,6,499.12,547.17,36.65,93.68,0.4333,-1,-1,-1
4,5,92.42,722.39,43.70,101.12,0.5896,-1,-1,-1
4,4,1549.33,552.54,43.06,120.98,0.6529,-1,-1,-1
4,3,1629.87,547.48,62.64,126.21,0.7595,-1,-1,-1
4,2,1379.97,505.78,36.09,108.98,0.7124,-1,-1,-1
4,1,0.08,706.15,23.77,156.74,0.3936,-1,-1,-1
5,12,1499.98,514.96,23.78,75.86,0.3295,-1,-1,-1
5,8,1459.88,497.25,27.66,86.03,0.5460,-1,-1,-1
5,7,536.84,543.57,31.70,92.74,0.2886,-1,-1,-1
5,6,495.81,539.75,33.97,96.80,0.4487,-1,-1,-1
5,5,76.77,715.44,44.94,103.45,0.5019,-1,-1,-1
5,4,1549.91,561.49,51.48,121.53,0.3998,-1,-1,-1
5,3,1636.25,564.91,62.20,122.44,0.6361,-1,-1,-1
5,2,1384.76,515.87,33.97,110.19,0.7115,-1,-1,-1
6,12,1506.90,533.61,24.39,68.87,0.3128,-1,-1,-1
6,10,142.46,580.79,55.34,164.54,0.4572,-1,-1,-1
6,8,1463.82,505.59,26.52,88.36,0.5390,-1,-1,-1
6,7,537.76,553.57,32.93,96.50,0.2596,-1,-1,-1
6,6,498.36,552.07,37.94,98.98,0.4641,-1,-1,-1
6,5,66.60,731.51,41.75,105.11,0.4842,-1,-1,-1
6,4,1562.38,577.13,48.05,118.53,0.2972,-1,-1,-1
6,3,1642.80,573.65,65.96,124.47,0.7573,-1,-1,-1
6,2,1391.91,527.52,30.40,106.88,0.6359,-1,-1,-1
7,13,238.80,617.89,39.32,129.78,0.2583,-1,-1,-1
7,10,132.36,582.30,58.69,163.23,0.3909,-1,-1,-1
7,8,1465.97,498.67,27.04,90.35,0.4664,-1,-1,-1
7,7,536.63,545.30,31.34,100.33,0.3376,-1,-1,-1
7,6,493.87,539.83,36.80,104.31,0.3786,-1,-1,-1
7,5,51.26,733.34,42.21,109.02,0.3332,-1,-1,-1
7,4,1563.18,567.11,54.85,126.61,0.5744,-1,-1,-1
7,3,1651.03,570.52,64.85,129.24,0.7406,-1,-1,-1
7,2,1392.05,517.65,32.53,111.80,0.5820,-1,-1,-1
8,13,225.47,612.99,45.93,139.02,0.3806,-1,-1,-1
8,12,1510.88,514.68,28.00,91.49,0.4032,-1,-1,-1
8,8,1467.01,509.32,31.95,87.56,0.5230,-1,-1,-1
8,7,533.56,540.46,34.38,111.67,0.3144,-1,-1,-1
8,6,493.07,548.97,35.67,101.29,0.3599,-1,-1,-1
8,5,34.09,741.42,44.79,108.18,0.4952,-1,-1,-1
8,4,1570.44,581.07,50.88,122.50,0.5488,-1,-1,-1
8,3,1658.19,576.15,66.36,130.12,0.6627,-1,-1,-1
8,2,1394.49,532.52,34.12,107.30,0.6718,-1,-1,-1
9,14,677.87,525.06,28.17,79.75,0.3204,-1,-1,-1
9,13,219.53,614.01,41.58,135.88,0.4330,-1,-1,-1
9,12,1514.28,522.49,29.15,85.23,0.3444,-1,-1,-1
9,8,1468.97,512.30,32.21,88.24,0.4327,-1,-1,-1
9,6,490.74,551.16,36.02,96.81,0.3189,-1,-1,-1
9,5,15.80,736.45,48.16,116.66,0.6126,-1,-1,-1
9,4,1577.00,588.48,50.48,123.48,0.5052,-1,-1,-1
9,3,1663.69,583.26,66.19,132.51,0.6920,-1,-1,-1
9,2,1396.96,533.43,35.28,106.50,0.6747,-1,-1,-1
10,13,209.69,613.03,42.43,132.16,0.5095,-1,-1,-1
10,8,1472.37,523.49,29.81,87.23,0.3215,-1,-1,-1
10,7,529.13,552.96,28.59,90.20,0.3903,-1,-1,-1
10,6,489.46,543.46,35.98,99.23,0.4576,-1,-1,-1
10,5,0.37,728.42,48.84,115.21,0.6397,-1,-1,-1
10,4,1582.44,603.88,49.97,122.20,0.6845,-1,-1,-1
10,3,1669.49,602.56,64.69,126.73,0.7865,-1,-1,-1
10,2,1398.14,541.68,36.53,106.56,0.6591,-1,-1,-1
11,13,201.00,611.42,44.87,145.28,0.4303,-1,-1,-1
11,12,1523.72,540.78,24.83,70.48,0.2667,-1,-1,-1
11,10,84.57,589.29,59.34,170.89,0.3530,-1,-1,-1
11,8,1471.96,511.28,32.91,86.94,0.3871,-1,-1,-1
11,5,0.15,749.03,37.89,120.50,0.4077,-1,-1,-1
11,4,1589.26,586.20,51.23,127.21,0.6553,-1,-1,-1
11,3,1679.77,576.46,64.88,136.01,0.7657,-1,-1,-1
11,2,1401.01,530.78,36.44,107.05,0.6749,-1,-1,-1
12,13,191.91,606.64,47.49,151.94,0.5128,-1,-1,-1
12,10,77.69,591.73,56.89,166.51,0.3983,-1,-1,-1
12,8,1474.72,513.86,37.91,90.50,0.3874,-1,-1,-1
12,7,525.00,550.86,31.11,102.89,0.2627,-1,-1,-1
12,6,484.47,554.41,38.91,100.38,0.2765,-1,-1,-1
12,4,1596.75,591.87,53.50,128.74,0.7065,-1,-1,-1
12,3,1687.83,589.94,64.44,132.19,0.7709,-1,-1,-1
12,2,1403.09,532.01,37.64,110.94,0.6856,-1,-1,-1
13,13,173.30,578.41,55.65,168.70,0.5474,-1,-1,-1
13,10,72.22,572.95,52.44,166.09,0.2822,-1,-1,-1
13,8,1475.37,511.46,40.59,91.27,0.4241,-1,-1,-1
13,4,1599.27,594.85,57.04,126.17,0.6664,-1,-1,-1
13,3,1693.52,590.72,64.62,131.32,0.7226,-1,-1,-1
13,2,1408.19,530.10,35.10,104.30,0.7171,-1,-1,-1
14,13,168.97,600.56,50.18,162.90,0.3145,-1,-1,-1
14,12,1532.30,526.29,29.52,84.00,0.2584,-1,-1,-1
14,10,53.52,584.17,56.22,176.51,0.3519,-1,-1,-1
14,7,518.17,545.40,34.16,101.76,0.3135,-1,-1,-1
14,6,480.39,550.93,32.87,96.17,0.3018,-1,-1,-1
14,4,1611.86,584.95,54.57,129.96,0.6282,-1,-1,-1
14,3,1702.66,582.22,61.84,133.58,0.6837,-1,-1,-1
14,2,1408.28,529.21,35.81,102.28,0.6684,-1,-1,-1
15,13,150.26,585.18,58.22,175.39,0.2854,-1,-1,-1
15,12,1533.67,517.33,32.17,92.03,0.3168,-1,-1,-1
15,7,518.81,537.56,34.73,106.32,0.3996,-1,-1,-1
15,6,479.93,548.56,34.01,96.10,0.3125,-1,-1,-1
15,4,1620.31,592.43,52.09,129.50,0.7189,-1,-1,-1
15,3,1711.40,584.63,61.95,138.68,0.7500,-1,-1,-1
15,2,1412.29,531.89,35.81,106.70,0.5294,-1,-1,-1
16,14,669.91,520.21,28.15,79.33,0.2572,-1,-1,-1
16,13,143.42,603.22,50.92,160.08,0.3296,-1,-1,-1
16,12,1537.29,517.87,30.62,93.18,0.2643,-1,-1,-1
16,10,33.49,583.88,54.48,175.32,0.4577,-1,-1,-1
16,8,1486.10,517.49,35.18,80.64,0.2727,-1,-1,-1
16,7,516.13,536.71,36.19,106.15,0.4636,-1,-1,-1
16,6,478.15,540.75,34.45,102.63,0.3862,-1,-1,-1
16,4,1626.73,593.78,55.98,130.45,0.6976,-1,-1,-1
16,3,1716.51,592.27,60.51,135.49,0.7422,-1,-1,-1
16,2,1416.97,533.20,34.21,104.61,0.5458,-1,-1,-1
17,13,132.97,602.52,47.53,170.70,0.4308,-1,-1,-1
17,12,1546.78,533.78,23.10,78.01,0.3270,-1,-1,-1
17,10,20.12,587.69,53.20,182.06,0.3848,-1,-1,-1
17,7,513.91,539.93,38.39,106.99,0.4907,-1,-1,-1
17,6,476.24,543.75,35.94,102.69,0.5147,-1,-1,-1
17,4,1635.52,588.24,53.83,134.90,0.6952,-1,-1,-1
17,3,1723.81,589.51,62.24,139.30,0.7096,-1,-1,-1
17,2,1418.32,533.06,37.60,108.70,0.6035,-1,-1,-1
18,12,1547.91,531.60,25.56,78.38,0.2610,-1,-1,-1
18,10,8.26,589.49,54.33,186.25,0.3945,-1,-1,-1
18,7,513.83,540.93,37.79,106.07,0.5021,-1,-1,-1
18,6,474.69,541.06,38.44,105.06,0.5551,-1,-1,-1
18,4,1644.66,591.25,54.22,134.92,0.6255,-1,-1,-1
18,3,1733.64,594.34,60.99,137.25,0.7042,-1,-1,-1
18,2,1420.40,533.34,37.18,109.01,0.6993,-1,-1,-1
19,10,0.81,587.63,48.94,185.73,0.3763,-1,-1,-1
19,7,511.52,539.94,39.62,107.90,0.5126,-1,-1,-1
19,6,473.42,540.14,37.78,106.28,0.5131,-1,-1,-1
19,4,1651.69,592.34,54.77,135.09,0.4434,-1,-1,-1
19,3,1742.27,594.92,63.30,139.12,0.7481,-1,-1,-1
19,2,1422.76,534.35,38.04,107.73,0.7342,-1,-1,-1
20,14,669.43,527.43,23.99,75.69,0.2696,-1,-1,-1
20,10,0.20,596.16,37.53,184.21,0.4794,-1,-1,-1
20,7,507.65,535.98,41.25,115.84,0.4847,-1,-1,-1
20,6,471.34,544.91,37.35,106.73,0.4014,-1,-1,-1
20,4,1660.02,593.98,51.58,134.92,0.6052,-1,-1,-1
20,3,1750.85,596.79,62.55,139.79,0.7429,-1,-1,-1
20,2,1424.38,534.64,38.57,106.04,0.7477,-1,-1,-1
21,10,0.09,618.54,24.79,163.13,0.3771,-1,-1,-1
21,7,507.02,539.60,39.31,113.21,0.5237,-1,-1,-1
21,6,468.42,550.41,34.54,100.10,0.4583,-1,-1,-1
21,4,1667.06,596.89,55.28,137.48,0.6871,-1,-1,-1
21,3,1758.66,597.24,62.88,140.47,0.7462,-1,-1,-1
21,2,1426.04,532.25,40.34,112.50,0.6908,-1,-1,-1
22,14,668.09,525.17,23.76,79.79,0.2723,-1,-1,-1
22,7,504.75,544.57,36.83,111.01,0.5124,-1,-1,-1
22,6,465.48,550.84,36.61,103.80,0.5558,-1,-1,-1
22,4,1675.01,597.81,54.23,141.21,0.6264,-1,-1,-1
22,3,1772.61,602.05,59.62,137.80,0.7483,-1,-1,-1
22,2,1430.06,538.49,39.90,102.02,0.6691,-1,-1,-1
23,14,665.60,528.02,25.93,78.24,0.3291,-1,-1,-1
23,7,499.04,548.48,42.24,108.02,0.5497,-1,-1,-1
23,6,465.84,548.93,33.98,106.48,0.4278,-1,-1,-1
23,4,1680.75,600.50,56.52,143.15,0.7254,-1,-1,-1
23,3,1778.97,599.70,63.42,146.17,0.7717,-1,-1,-1
23,2,1430.82,538.49,40.23,110.12,0.6631,-1,-1,-1
24,14,665.65,532.24,25.62,77.02,0.3691,-1,-1,-1
24,7,496.48,552.97,37.67,105.50,0.4579,-1,-1,-1
24,6,460.41,549.29,42.49,108.97,0.4739,-1,-1,-1
24,4,1686.75,601.49,58.97,142.91,0.7311,-1,-1,-1
24,3,1789.08,592.92,65.43,152.34,0.7111,-1,-1,-1
24,2,1436.56,529.59,38.02,116.59,0.6539,-1,-1,-1
25,14,663.54,532.91,27.75,80.64,0.2808,-1,-1,-1
25,8,1523.35,520.01,29.44,85.21,0.4135,-1,-1,-1
25,7,496.98,552.19,38.82,109.41,0.4673,-1,-1,-1
25,6,458.01,546.09,44.55,115.38,0.4381,-1,-1,-1
25,4,1696.12,607.36,55.76,148.72,0.7278,-1,-1,-1
25,3,1797.45,604.47,67.73,147.15,0.7095,-1,-1,-1
25,2,1437.82,535.13,41.12,121.54,0.6621,-1,-1,-1
26,14,664.17,534.64,27.29,79.60,0.4047,-1,-1,-1
26,8,1530.53,519.06,27.58,86.08,0.4781,-1,-1,-1
26,7,495.10,548.70,40.78,114.94,0.5505,-1,-1,-1
26,6,456.98,550.07,41.50,112.70,0.5107,-1,-1,-1
26,4,1704.13,611.76,59.42,149.69,0.7248,-1,-1,-1
26,3,1807.30,608.09,69.18,146.17,0.5900,-1,-1,-1
26,2,1439.79,538.63,44.31,118.57,0.7230,-1,-1,-1
27,12,1581.88,550.40,27.54,69.62,0.2669,-1,-1,-1
27,8,1530.60,520.70,32.77,86.21,0.6918,-1,-1,-1
27,7,493.79,562.96,39.66,103.45,0.6101,-1,-1,-1
27,6,452.95,558.17,42.77,108.76,0.3937,-1,-1,-1
27,4,1710.99,615.99,59.82,148.61,0.6736,-1,-1,-1
27,3,1813.74,611.87,75.09,151.08,0.6523,-1,-1,-1
27,2,1444.03,542.38,40.86,113.15,0.7473,-1,-1,-1
28,8,1534.06,525.98,33.91,83.31,0.5366,-1,-1,-1
28,7,491.17,565.32,39.42,102.58,0.5865,-1,-1,-1
28,6,450.15,558.85,41.35,108.84,0.3524,-1,-1,-1
28,4,1718.24,616.91,60.14,152.37,0.6737,-1,-1,-1
28,3,1822.63,610.66,74.83,157.54,0.7715,-1,-1,-1
28,2,1447.00,546.11,45.75,110.27,0.7280,-1,-1,-1
29,8,1536.02,525.54,33.83,91.39,0.5617,-1,-1,-1
29,7,491.11,569.32,37.90,98.44,0.5287,-1,-1,-1
29,6,448.68,564.12,40.84,103.86,0.4895,-1,-1,-1
29,4,1725.79,622.87,60.56,160.73,0.7233,-1,-1,-1
29,3,1829.69,620.37,75.59,159.82,0.6925,-1,-1,-1
29,2,1452.27,550.98,39.19,109.82,0.7081,-1,-1,-1
30,8,1539.05,525.20,34.10,91.86,0.5648,-1,-1,-1
30,7,488.82,574.84,38.73,102.75,0.5004,-1,-1,-1
30,6,443.59,565.78,43.38,111.78,0.6151,-1,-1,-1
30,4,1739.23,624.43,58.93,159.43,0.7528,-1,-1,-1
30,3,1835.97,621.43,79.21,149.93,0.6343,-1,-1,-1
30,2,1454.22,550.14,42.12,111.98,0.6417,-1,-1,-1
31,14,662.41,559.76,25.21,77.62,0.2718,-1,-1,-1
31,8,1543.15,525.16,32.95,97.71,0.4866,-1,-1,-1
31,7,488.49,578.11,37.93,112.07,0.4165,-1,-1,-1
31,6,443.23,579.66,39.64,109.63,0.5757,-1,-1,-1
31,4,1750.28,628.69,57.96,153.65,0.5785,-1,-1,-1
31,3,1852.60,627.65,66.82,149.65,0.6390,-1,-1,-1
31,2,1457.03,551.29,42.05,121.93,0.6285,-1,-1,-1
32,14,658.83,556.17,29.98,74.96,0.3551,-1,-1,-1
32,8,1546.54,530.32,33.38,90.83,0.5976,-1,-1,-1
32,7,486.77,573.75,39.09,108.26,0.5267,-1,-1,-1
32,6,441.29,573.10,41.39,107.23,0.5729,-1,-1,-1
32,4,1757.76,632.20,60.85,154.95,0.6769,-1,-1,-1
32,3,1858.97,635.56,60.42,161.79,0.6872,-1,-1,-1
32,2,1461.68,557.43,39.27,119.26,0.6370,-1,-1,-1
33,14,651.89,544.56,33.71,80.00,0.3181,-1,-1,-1
33,12,1596.02,512.28,33.26,95.91,0.2625,-1,-1,-1
33,8,1549.86,518.52,33.25,90.09,0.6533,-1,-1,-1
33,7,484.04,569.11,37.08,107.61,0.4873,-1,-1,-1
33,6,439.61,563.96,39.26,109.08,0.5151,-1,-1,-1
33,4,1767.82,620.39,60.13,152.14,0.6461,-1,-1,-1
33,3,1870.46,621.37,48.86,170.39,0.6662,-1,-1,-1
33,2,1464.66,541.84,42.73,125.91,0.7429,-1,-1,-1
34,12,1609.13,522.03,27.51,94.97,0.2644,-1,-1,-1
34,8,1553.61,518.48,32.22,93.38,0.5972,-1,-1,-1
34,7,480.09,566.33,39.23,114.35,0.5207,-1,-1,-1
34,6,436.76,573.75,39.33,103.68,0.4813,-1,-1,-1
34,4,1774.56,620.56,65.19,157.35,0.7453,-1,-1,-1
34,3,1881.33,635.88,37.78,142.70,0.5550,-1,-1,-1
34,2,1469.10,545.19,41.40,124.55,0.7610,-1,-1,-1
35,8,1560.74,516.18,30.85,92.41,0.5334,-1,-1,-1
35,7,477.93,560.39,38.88,110.78,0.3760,-1,-1,-1
35,6,435.14,566.06,39.96,103.00,0.4298,-1,-1,-1
35,4,1784.78,622.24,66.95,158.16,0.6379,-1,-1,-1
35,2,1470.65,539.34,45.91,125.89,0.7299,-1,-1,-1
36,14,639.37,536.57,37.32,82.22,0.2668,-1,-1,-1
36,8,1557.78,511.70,26.37,92.87,0.2663,-1,-1,-1
36,7,474.84,550.13,39.18,119.33,0.3022,-1,-1,-1
36,6,431.91,561.09,41.72,105.64,0.3527,-1,-1,-1
36,4,1793.41,617.91,70.28,168.40,0.7064,-1,-1,-1
36,2,1477.34,536.42,43.06,129.54,0.7514,-1,-1,-1
37,16,1570.62,514.61,32.76,92.03,0.4271,-1,-1,-1
37,7,469.14,538.70,43.25,126.88,0.4701,-1,-1,-1
37,6,429.13,552.28,38.45,111.43,0.3535,-1,-1,-1
37,4,1800.22,622.30,76.21,169.47,0.7729,-1,-1,-1
37,2,1481.07,538.33,41.52,126.17,0.7195,-1,-1,-1
38,8,1575.42,502.91,30.86,97.71,0.4790,-1,-1,-1
38,7,466.50,540.74,44.42,124.61,0.5374,-1,-1,-1
38,6,426.25,549.75,39.48,116.06,0.4980,-1,-1,-1
38,4,1809.37,616.79,77.90,178.28,0.7811,-1,-1,-1
38,2,1485.15,532.98,40.65,130.24,0.7105,-1,-1,-1
39,17,1581.05,507.67,33.93,96.84,0.5142,-1,-1,-1
39,7,465.25,529.21,43.55,127.90,0.4775,-1,-1,-1
39,6,423.03,542.02,39.46,115.12,0.4522,-1,-1,-1
39,4,1822.49,630.04,75.62,173.43,0.7505,-1,-1,-1
39,2,1488.04,538.89,43.04,127.12,0.7030,-1,-1,-1
40,8,1582.61,500.03,36.32,104.36,0.3280,-1,-1,-1
40,7,465.73,539.53,42.81,121.95,0.4696,-1,-1,-1
40,6,420.48,540.68,39.08,121.52,0.3850,-1,-1,-1
40,4,1834.76,626.71,74.45,177.98,0.7794,-1,-1,-1
40,2,1492.24,536.57,41.32,126.40,0.7111,-1,-1,-1
41,14,645.33,522.60,34.18,88.38,0.2963,-1,-1,-1
41,8,1589.62,502.33,39.28,106.13,0.4960,-1,-1,-1
41,7,463.23,538.32,44.86,120.80,0.4696,-1,-1,-1
41,6,419.52,534.85,40.50,125.08,0.4087,-1,-1,-1
41,4,1845.64,633.22,73.69,179.87,0.7577,-1,-1,-1
41,2,1495.33,547.61,44.10,118.87,0.6972,-1,-1,-1
42,20,576.96,524.05,33.82,87.24,0.3661,-1,-1,-1
42,19,504.12,523.20,33.90,88.50,0.3936,-1,-1,-1
42,14,646.65,521.56,33.21,91.23,0.3100,-1,-1,-1
42,8,1594.76,508.19,34.31,100.44,0.5748,-1,-1,-1
42,7,462.01,545.80,46.55,116.54,0.4622,-1,-1,-1
42,6,418.67,536.42,43.96,127.60,0.5487,-1,-1,-1
42,4,1857.98,638.38,61.38,179.88,0.6916,-1,-1,-1
42,2,1501.29,548.04,43.06,120.45,0.6868,-1,-1,-1
43,20,575.21,526.93,32.97,90.27,0.2988,-1,-1,-1
43,19,502.47,529.01,33.95,89.52,0.3720,-1,-1,-1
43,14,645.18,527.14,33.02,88.92,0.2836,-1,-1,-1
43,8,1596.91,511.87,33.68,97.35,0.5064,-1,-1,-1
43,7,456.83,530.07,47.57,135.28,0.4131,-1,-1,-1
43,6,415.19,535.95,45.72,130.77,0.5425,-1,-1,-1
43,4,1870.96,644.74,48.31,169.47,0.6621,-1,-1,-1
43,2,1506.18,548.96,42.44,122.87,0.6678,-1,-1,-1
44,20,576.44,529.67,30.57,88.34,0.2623,-1,-1,-1
44,19,499.88,527.08,35.26,91.85,0.2999,-1,-1,-1
44,14,640.51,529.96,31.61,87.15,0.2756,-1,-1,-1
44,8,1599.92,510.40,38.55,101.34,0.5301,-1,-1,-1
44,7,451.39,531.33,49.73,137.84,0.4002,-1,-1,-1
44,6,416.56,535.04,43.98,133.26,0.3814,-1,-1,-1
44,4,1882.12,651.46,37.19,166.14,0.6409,-1,-1,-1
44,2,1511.86,552.95,42.54,120.33,0.6220,-1,-1,-1
45,21,1565.18,510.00,31.36,70.67,0.2637,-1,-1,-1
45,8,1603.82,514.22,40.64,101.88,0.5885,-1,-1,-1
45,7,451.32,532.37,47.96,134.58,0.3258,-1,-1,-1
45,6,416.28,535.04,41.86,131.15,0.3758,-1,-1,-1
45,4,1892.81,674.73,26.50,158.38,0.4757,-1,-1,-1
45,2,1515.49,555.95,44.35,130.16,0.7575,-1,-1,-1
46,20,573.62,529.04,29.89,92.49,0.2533,-1,-1,-1
46,19,494.63,517.85,35.95,100.49,0.2522,-1,-1,-1
46,14,639.80,531.00,30.66,87.74,0.2792,-1,-1,-1
46,8,1608.87,515.82,39.54,100.48,0.5480,-1,-1,-1
46,7,449.13,534.15,46.84,136.80,0.3441,-1,-1,-1
46,6,406.38,540.76,48.57,126.10,0.3123,-1,-1,-1
46,2,1520.13,554.01,42.54,135.26,0.7570,-1,-1,-1
47,20,572.38,529.94,28.77,90.51,0.2672,-1,-1,-1
47,19,492.02,515.16,37.08,104.67,0.3365,-1,-1,-1
47,14,640.95,531.15,31.16,87.18,0.3538,-1,-1,-1
47,8,1619.52,528.46,33.81,91.86,0.5303,-1,-1,-1
47,7,449.73,539.35,43.57,130.93,0.3277,-1,-1,-1
47,6,405.61,537.57,45.45,127.95,0.2859,-1,-1,-1
47,2,1525.16,559.41,43.55,131.12,0.7205,-1,-1,-1
48,19,490.81,530.91,34.82,92.09,0.3159,-1,-1,-1
48,14,639.68,533.93,31.59,88.16,0.2760,-1,-1,-1
48,8,1622.04,528.29,31.79,91.71,0.6493,-1,-1,-1
48,7,448.66,544.55,45.07,131.11,0.3629,-1,-1,-1
48,6,403.14,535.95,47.57,135.59,0.3399,-1,-1,-1
48,2,1528.80,560.00,45.12,133.57,0.7090,-1,-1,-1
49,20,572.39,534.15,28.42,92.23,0.3077,-1,-1,-1
49,19,488.29,537.57,36.23,84.66,0.2825,-1,-1,-1
49,14,639.12,534.87,31.70,89.97,0.2873,-1,-1,-1
49,8,1625.94,533.10,31.44,90.80,0.7157,-1,-1,-1
49,7,446.12,551.26,43.90,125.66,0.5423,-1,-1,-1
49,6,397.40,557.38,43.59,117.63,0.4164,-1,-1,-1
49,2,1533.65,558.55,44.90,136.55,0.7107,-1,-1,-1
50,22,345.88,564.42,34.89,103.96,0.2761,-1,-1,-1
50,20,569.43,533.02,31.14,93.64,0.3224,-1,-1,-1
50,14,638.50,534.23,32.36,88.72,0.2701,-1,-1,-1
50,8,1632.11,530.37,27.79,90.29,0.4166,-1,-1,-1
50,7,444.61,560.31,43.03,116.53,0.5618,-1,-1,-1
50,6,397.06,555.07,43.67,117.74,0.3637,-1,-1,-1
50,2,1538.21,557.20,46.01,137.62,0.6966,-1,-1,-1
51,22,337.26,562.49,37.71,111.10,0.4036,-1,-1,-1
51,14,636.91,536.92,32.49,87.10,0.2991,-1,-1,-1
51,8,1637.46,533.78,29.86,89.71,0.6433,-1,-1,-1
51,7,442.09,567.65,43.01,108.74,0.5522,-1,-1,-1
51,6,396.86,550.23,44.21,121.08,0.4895,-1,-1,-1
51,2,1542.42,561.54,46.48,137.43,0.6992,-1,-1,-1
52,22,335.75,561.54,36.73,112.76,0.5025,-1,-1,-1
52,14,635.95,538.11,31.96,88.39,0.4136,-1,-1,-1
52,8,1640.04,532.10,30.43,91.43,0.5623,-1,-1,-1
52,7,441.93,568.79,40.77,109.43,0.5690,-1,-1,-1
52,6,395.26,551.43,45.90,123.86,0.5372,-1,-1,-1
52,2,1546.53,557.50,50.72,149.19,0.7092,-1,-1,-1
53,22,329.24,557.43,41.20,119.65,0.4316,-1,-1,-1
53,20,554.49,531.18,32.92,97.09,0.2699,-1,-1,-1
53,14,636.42,536.27,30.65,90.73,0.4406,-1,-1,-1
53,8,1644.22,533.54,30.29,89.41,0.5337,-1,-1,-1
53,7,438.93,565.22,44.68,115.16,0.5363,-1,-1,-1
53,6,392.11,550.37,45.94,127.80,0.5311,-1,-1,-1
53,2,1550.68,556.15,51.73,152.55,0.6876,-1,-1,-1
54,22,327.91,562.56,41.31,111.10,0.5001,-1,-1,-1
54,20,553.43,533.36,34.79,95.42,0.3110,-1,-1,-1
54,14,635.66,534.78,31.50,90.79,0.3953,-1,-1,-1
54,8,1648.70,534.30,30.44,89.47,0.5927,-1,-1,-1
54,7,436.05,567.33,44.61,113.27,0.5620,-1,-1,-1
54,6,387.59,548.22,45.46,129.82,0.5157,-1,-1,-1
54,2,1553.16,557.08,52.65,153.62,0.7243,-1,-1,-1
55,22,325.73,558.78,43.14,114.09,0.4942,-1,-1,-1
55,20,551.63,532.79,30.60,94.17,0.2669,-1,-1,-1
55,14,635.96,535.76,30.12,90.42,0.3400,-1,-1,-1
55,8,1653.61,532.76,32.73,92.44,0.6041,-1,-1,-1
55,7,434.60,561.81,44.60,119.53,0.4615,-1,-1,-1
55,6,383.97,542.97,46.05,135.20,0.5710,-1,-1,-1
55,2,1558.12,553.15,52.43,158.56,0.7489,-1,-1,-1
56,22,320.44,557.36,45.97,116.32,0.5542,-1,-1,-1
56,20,551.96,533.09,30.38,97.68,0.3292,-1,-1,-1
56,14,632.56,535.97,26.42,92.75,0.3524,-1,-1,-1
56,8,1656.78,524.12,36.64,102.15,0.7227,-1,-1,-1
56,7,430.76,562.77,43.12,119.04,0.3546,-1,-1,-1
56,6,382.98,551.76,43.40,126.32,0.5221,-1,-1,-1
56,2,1563.19,553.71,51.60,156.13,0.7373,-1,-1,-1
57,22,314.55,556.54,45.77,118.45,0.4610,-1,-1,-1
57,20,550.01,532.23,31.39,98.74,0.3742,-1,-1,-1
57,14,630.73,536.36,27.95,92.59,0.3481,-1,-1,-1
57,8,1658.33,519.88,37.24,104.70,0.7179,-1,-1,-1
57,7,425.74,560.76,44.04,119.90,0.4543,-1,-1,-1
57,6,380.06,551.17,43.69,127.45,0.5247,-1,-1,-1
57,2,1567.67,552.03,53.30,156.80,0.7168,-1,-1,-1
58,22,309.36,554.24,47.45,116.54,0.4667,-1,-1,-1
58,20,545.75,533.12,32.07,95.88,0.3047,-1,-1,-1
58,18,606.41,538.75,24.98,92.11,0.2860,-1,-1,-1
58,14,631.27,536.51,27.36,90.53,0.3272,-1,-1,-1
58,8,1661.05,513.41,37.06,108.66,0.6824,-1,-1,-1
58,7,421.10,558.67,45.10,120.85,0.4634,-1,-1,-1
58,6,377.15,546.79,43.17,130.47,0.5754,-1,-1,-1
58,2,1571.69,558.08,52.81,150.56,0.6330,-1,-1,-1
59,22,306.47,550.72,47.25,121.48,0.4357,-1,-1,-1
59,20,544.49,530.61,34.06,97.57,0.2821,-1,-1,-1
59,19,458.07,529.70,31.85,90.37,0.2763,-1,-1,-1
59,14,626.81,535.75,29.05,90.14,0.3698,-1,-1,-1
59,8,1663.85,509.63,41.46,112.21,0.6578,-1,-1,-1
59,7,418.18,561.00,45.83,117.07,0.4145,-1,-1,-1
59,6,373.94,543.38,41.51,132.11,0.5620,-1,-1,-1
59,2,1578.78,564.26,49.92,145.93,0.6308,-1,-1,-1
60,22,303.47,555.79,47.28,115.62,0.3951,-1,-1,-1
60,14,623.63,533.62,31.18,93.82,0.2791,-1,-1,-1
60,8,1664.97,510.91,42.16,110.49,0.7210,-1,-1,-1
60,7,416.64,564.21,47.77,114.11,0.3870,-1,-1,-1
60,6,369.21,547.45,41.02,128.10,0.5510,-1,-1,-1
60,2,1581.58,559.42,51.48,151.93,0.6268,-1,-1,-1
61,22,299.82,559.23,49.40,113.97,0.4345,-1,-1,-1
61,8,1665.80,509.63,44.90,106.64,0.7169,-1,-1,-1
61,7,415.38,560.58,47.68,118.88,0.4222,-1,-1,-1
61,6,365.48,549.68,45.15,127.83,0.4771,-1,-1,-1
61,2,1585.41,547.41,52.66,159.09,0.6205,-1,-1,-1
62,23,478.67,547.64,28.68,70.03,0.2530,-1,-1,-1
62,22,296.53,551.32,48.99,115.31,0.4384,-1,-1,-1
62,14,622.93,530.70,27.14,94.26,0.3752,-1,-1,-1
62,8,1671.41,520.18,44.23,102.32,0.5488,-1,-1,-1
62,7,413.11,549.98,42.67,127.53,0.3490,-1,-1,-1
62,6,360.80,541.61,47.33,131.44,0.4603,-1,-1,-1
62,2,1589.87,556.20,54.34,155.15,0.7001,-1,-1,-1
63,23,476.37,559.53,31.60,73.18,0.3238,-1,-1,-1
63,22,294.97,571.95,46.40,116.11,0.4958,-1,-1,-1
63,14,622.17,540.41,27.28,97.54,0.2507,-1,-1,-1
63,8,1681.28,514.86,37.04,93.04,0.5719,-1,-1,-1
63,7,412.62,572.02,45.06,118.74,0.3700,-1,-1,-1
63,6,360.71,564.10,43.57,127.90,0.4003,-1,-1,-1
63,2,1597.11,544.11,53.04,155.30,0.6411,-1,-1,-1
64,23,475.18,550.61,28.13,67.63,0.2667,-1,-1,-1
64,22,291.87,549.93,45.59,118.00,0.4852,-1,-1,-1
64,14,621.74,530.54,25.80,95.63,0.3509,-1,-1,-1
64,8,1688.81,530.70,33.62,93.95,0.6374,-1,-1,-1
64,7,402.97,545.56,46.21,130.44,0.3328,-1,-1,-1
64,6,357.29,538.72,45.63,135.81,0.4848,-1,-1,-1
64,2,1599.85,564.77,57.09,151.33,0.6265,-1,-1,-1
65,23,467.73,554.26,29.48,71.89,0.3439,-1,-1,-1
65,22,287.70,561.55,43.15,116.52,0.5095,-1,-1,-1
65,20,527.98,532.70,32.02,99.53,0.3402,-1,-1,-1
65,8,1690.60,529.13,33.10,88.84,0.6811,-1,-1,-1
65,7,401.24,562.03,45.16,120.77,0.3862,-1,-1,-1
65,6,349.11,552.54,47.29,130.89,0.4789,-1,-1,-1
65,2,1602.65,562.13,56.37,149.75,0.7297,-1,-1,-1
66,23,468.28,559.36,30.38,73.39,0.4145,-1,-1,-1
66,22,288.43,566.97,40.59,114.27,0.5079,-1,-1,-1
66,20,526.95,536.82,36.17,99.83,0.2524,-1,-1,-1
66,14,619.05,542.68,25.71,91.91,0.3274,-1,-1,-1
66,8,1698.29,519.84,33.49,92.70,0.6913,-1,-1,-1
66,7,397.56,566.59,48.75,123.76,0.5012,-1,-1,-1
66,6,348.30,557.53,47.07,135.38,0.6009,-1,-1,-1
66,2,1610.95,561.55,55.34,149.59,0.7218,-1,-1,-1
67,23,459.19,552.47,31.05,69.97,0.3430,-1,-1,-1
67,22,281.13,545.99,42.60,123.85,0.3359,-1,-1,-1
67,8,1698.58,536.74,35.18,90.84,0.6537,-1,-1,-1
67,7,394.23,558.98,46.33,120.09,0.5553,-1,-1,-1
67,6,342.68,544.21,49.90,135.87,0.5524,-1,-1,-1
67,2,1613.72,568.01,56.53,155.08,0.7347,-1,-1,-1
68,24,549.77,541.78,36.02,103.83,0.2663,-1,-1,-1
68,23,454.96,558.45,30.66,73.38,0.4476,-1,-1,-1
68,22,277.85,562.46,41.11,118.41,0.4448,-1,-1,-1
68,20,519.92,533.12,34.84,107.43,0.2962,-1,-1,-1
68,8,1701.99,528.33,33.18,89.98,0.5779,-1,-1,-1
68,7,388.29,562.47,50.47,123.86,0.5489,-1,-1,-1
68,6,341.14,556.94,46.47,129.98,0.5780,-1,-1,-1
68,2,1617.38,564.64,56.59,152.12,0.7318,-1,-1,-1
69,23,451.20,553.73,27.92,73.71,0.4046,-1,-1,-1
69,22,272.35,549.85,40.52,127.43,0.4400,-1,-1,-1
69,8,1704.24,538.51,35.12,91.59,0.6500,-1,-1,-1
69,7,386.57,556.88,46.16,122.97,0.4938,-1,-1,-1
69,6,333.45,543.02,51.87,139.23,0.4394,-1,-1,-1
69,2,1621.61,571.25,58.94,157.46,0.7563,-1,-1,-1
70,23,443.40,555.24,30.66,74.90,0.4612,-1,-1,-1
70,22,266.69,548.89,43.96,131.07,0.3747,-1,-1,-1
70,20,506.54,534.64,38.30,104.91,0.2728,-1,-1,-1
70,18,588.55,533.38,41.01,108.42,0.2542,-1,-1,-1
70,8,1705.14,534.75,35.13,93.30,0.5962,-1,-1,-1
70,7,380.33,555.52,48.10,128.88,0.5873,-1,-1,-1
70,6,330.49,545.02,50.11,139.65,0.5193,-1,-1,-1
70,2,1625.66,566.11,59.36,156.89,0.7757,-1,-1,-1
71,23,436.45,552.73,33.78,75.90,0.3959,-1,-1,-1
71,20,504.78,531.73,37.36,108.31,0.4427,-1,-1,-1
71,14,598.55,539.64,28.60,97.00,0.3385,-1,-1,-1
71,8,1706.52,536.82,35.08,93.85,0.6897,-1,-1,-1
71,7,374.84,553.04,48.69,128.96,0.5607,-1,-1,-1
71,6,329.51,547.32,47.27,134.55,0.5147,-1,-1,-1
71,2,1630.24,571.94,58.61,159.49,0.7564,-1,-1,-1
72,23,428.73,555.80,34.97,75.44,0.4245,-1,-1,-1
72,22,256.10,554.30,40.29,125.65,0.2995,-1,-1,-1
72,20,503.54,535.27,35.93,106.70,0.3700,-1,-1,-1
72,14,595.63,537.79,26.98,99.55,0.2503,-1,-1,-1
72,8,1706.68,536.30,36.33,91.25,0.6906,-1,-1,-1
72,7,370.92,554.83,47.33,130.66,0.6105,-1,-1,-1
72,6,325.59,552.17,49.10,133.45,0.6164,-1,-1,-1
72,2,1633.17,558.59,60.44,174.33,0.7885,-1,-1,-1
73,23,425.04,552.05,30.49,74.12,0.4058,-1,-1,-1
73,22,252.39,553.33,39.75,127.32,0.3369,-1,-1,-1
73,20,500.54,535.11,34.94,105.42,0.3436,-1,-1,-1
73,14,589.36,534.60,30.15,99.57,0.2578,-1,-1,-1
73,8,1708.46,538.74,39.33,95.08,0.5833,-1,-1,-1
73,7,366.63,548.38,47.85,133.53,0.5836,-1,-1,-1
73,6,316.60,543.04,51.98,138.97,0.4709,-1,-1,-1
73,2,1638.32,564.17,60.41,171.90,0.6738,-1,-1,-1
74,24,567.71,534.13,35.62,107.79,0.2683,-1,-1,-1
74,23,417.36,553.33,35.00,74.24,0.4468,-1,-1,-1
74,22,247.13,541.05,46.96,142.03,0.3169,-1,-1,-1
74,14,583.21,538.12,27.72,100.68,0.3059,-1,-1,-1
74,8,1711.00,536.03,37.19,93.35,0.5858,-1,-1,-1
74,7,363.09,548.30,49.05,134.92,0.4973,-1,-1,-1
74,6,314.57,542.86,49.02,141.27,0.3724,-1,-1,-1
74,2,1641.35,571.34,64.89,166.63,0.7210,-1,-1,-1
75,23,412.61,554.44,32.75,76.36,0.3757,-1,-1,-1
75,19,461.38,554.40,28.39,76.18,0.3216,-1,-1,-1
75,14,580.23,536.41,28.78,104.23,0.3460,-1,-1,-1
75,8,1712.13,539.28,37.79,93.61,0.5706,-1,-1,-1
75,7,355.70,556.91,46.94,127.39,0.6082,-1,-1,-1
75,6,305.58,549.35,49.29,133.65,0.4164,-1,-1,-1
75,2,1643.55,578.55,64.85,162.79,0.7429,-1,-1,-1
76,23,399.71,552.97,36.68,73.68,0.3273,-1,-1,-1
76,20,478.40,532.14,39.65,104.26,0.2757,-1,-1,-1
76,19,453.75,552.60,32.78,79.16,0.2824,-1,-1,-1
76,14,575.61,536.07,31.22,103.01,0.3407,-1,-1,-1
76,8,1712.59,539.40,38.49,90.83,0.5478,-1,-1,-1
76,7,350.74,551.74,48.73,131.31,0.4953,-1,-1,-1
76,6,293.15,542.83,58.20,141.97,0.4755,-1,-1,-1
76,2,1647.82,579.05,63.99,163.40,0.7341,-1,-1,-1
77,23,396.46,553.49,33.31,78.17,0.3709,-1,-1,-1
77,20,475.98,534.66,42.61,111.22,0.3060,-1,-1,-1
77,14,573.87,533.50,30.02,104.94,0.3860,-1,-1,-1
77,8,1713.66,540.88,38.25,90.88,0.5368,-1,-1,-1
77,7,343.45,549.32,48.52,132.99,0.6133,-1,-1,-1
77,6,292.35,545.45,52.84,138.41,0.4480,-1,-1,-1
77,2,1649.09,581.13,67.95,162.83,0.7195,-1,-1,-1
78,23,390.39,552.83,34.94,77.63,0.3429,-1,-1,-1
78,22,222.71,543.97,43.17,138.56,0.3029,-1,-1,-1
78,20,470.66,532.51,36.48,109.87,0.2773,-1,-1,-1
78,14,571.33,536.47,27.06,99.57,0.3059,-1,-1,-1
78,8,1713.34,540.76,38.43,91.31,0.5829,-1,-1,-1
78,7,340.47,552.76,47.66,132.72,0.5297,-1,-1,-1
78,6,280.56,540.16,56.69,145.80,0.4271,-1,-1,-1
78,2,1652.76,581.75,68.17,164.56,0.7336,-1,-1,-1
79,25,495.19,539.15,41.06,108.79,0.3173,-1,-1,-1
79,24,546.05,534.92,43.33,110.71,0.3190,-1,-1,-1
79,23,382.76,552.47,33.25,76.65,0.3437,-1,-1,-1
79,20,463.45,529.63,39.23,114.78,0.3435,-1,-1,-1
79,14,569.62,528.72,28.08,108.14,0.2674,-1,-1,-1
79,8,1712.81,539.99,39.03,90.47,0.5743,-1,-1,-1
79,7,333.33,548.19,50.38,136.67,0.5562,-1,-1,-1
79,6,270.17,537.83,62.17,145.99,0.5009,-1,-1,-1
79,2,1653.11,585.31,72.99,161.77,0.7503,-1,-1,-1
80,26,156.42,557.40,45.02,133.97,0.4282,-1,-1,-1
80,23,373.24,554.05,35.73,76.57,0.3363,-1,-1,-1
80,20,455.26,529.43,44.88,119.22,0.4903,-1,-1,-1
80,14,550.29,534.35,38.09,112.31,0.3065,-1,-1,-1
80,8,1712.08,535.95,39.67,92.24,0.6115,-1,-1,-1
80,7,327.22,553.40,49.81,133.81,0.6084,-1,-1,-1
80,6,262.86,536.80,64.63,148.78,0.5575,-1,-1,-1
80,2,1653.24,581.30,75.34,168.00,0.7249,-1,-1,-1
81,26,147.57,556.83,45.75,131.58,0.3818,-1,-1,-1
81,23,368.29,554.32,33.41,74.30,0.4967,-1,-1,-1
81,20,451.48,531.30,45.70,120.21,0.3342,-1,-1,-1
81,14,547.78,541.02,37.35,103.87,0.3280,-1,-1,-1
81,8,1711.50,536.10,39.20,91.45,0.5704,-1,-1,-1
81,7,318.22,553.54,51.43,133.34,0.5708,-1,-1,-1
81,6,267.98,551.52,49.53,131.06,0.3501,-1,-1,-1
81,2,1657.60,581.80,72.21,166.94,0.7504,-1,-1,-1
82,26,138.69,555.99,50.10,135.93,0.4349,-1,-1,-1
82,25,476.37,549.35,40.01,103.70,0.2653,-1,-1,-1
82,23,359.57,554.89,34.70,76.94,0.3522,-1,-1,-1
82,20,450.57,541.98,37.53,109.67,0.2707,-1,-1,-1
82,14,549.19,534.11,31.29,106.04,0.2833,-1,-1,-1
82,8,1712.16,537.21,36.01,91.12,0.6128,-1,-1,-1
82,7,311.82,555.60,49.09,131.31,0.4983,-1,-1,-1
82,6,262.36,534.97,49.78,148.72,0.3820,-1,-1,-1
82,2,1660.17,582.73,71.82,171.31,0.7395,-1,-1,-1
83,26,129.62,559.16,51.73,132.52,0.5458,-1,-1,-1
83,25,470.74,541.41,38.32,113.69,0.3858,-1,-1,-1
83,23,356.32,558.82,31.14,73.32,0.3571,-1,-1,-1
83,20,440.07,538.32,41.77,113.70,0.3829,-1,-1,-1
83,8,1712.09,536.64,35.49,91.10,0.5894,-1,-1,-1
83,7,304.27,558.90,51.92,130.46,0.6694,-1,-1,-1
83,6,256.52,542.53,46.92,145.16,0.4586,-1,-1,-1
83,2,1666.84,581.74,66.19,172.44,0.7061,-1,-1,-1
84,28,406.83,555.41,29.08,87.37,0.4896,-1,-1,-1
84,26,121.72,561.43,52.24,134.68,0.5341,-1,-1,-1
84,25,461.97,545.91,44.18,110.37,0.3908,-1,-1,-1
84,23,346.51,557.49,31.82,74.44,0.4252,-1,-1,-1
84,20,432.94,536.79,41.75,113.60,0.3586,-1,-1,-1
84,8,1712.86,535.36,34.10,92.92,0.5715,-1,-1,-1
84,7,295.86,563.22,55.45,127.20,0.5318,-1,-1,-1
84,6,243.88,553.35,53.92,137.43,0.5413,-1,-1,-1
84,2,1664.03,579.08,74.18,178.73,0.7242,-1,-1,-1
85,28,398.60,557.96,28.51,89.55,0.3140,-1,-1,-1
85,26,112.20,565.12,53.92,132.71,0.5264,-1,-1,-1
85,23,338.50,561.48,32.90,76.38,0.2904,-1,-1,-1
85,20,427.65,539.93,40.19,115.94,0.2958,-1,-1,-1
85,8,1711.54,536.19,34.77,92.79,0.4764,-1,-1,-1
85,7,291.37,561.82,49.71,129.52,0.5021,-1,-1,-1
85,6,244.52,558.05,46.41,134.93,0.4785,-1,-1,-1
85,2,1667.96,580.67,72.29,180.37,0.7671,-1,-1,-1
86,28,390.30,553.40,33.93,94.68,0.4463,-1,-1,-1
86,26,103.27,561.19,55.79,143.42,0.4138,-1,-1,-1
86,25,450.96,538.26,42.43,120.72,0.3605,-1,-1,-1
86,23,333.44,560.70,31.54,84.66,0.2621,-1,-1,-1
86,20,422.53,533.54,38.14,123.41,0.3419,-1,-1,-1
86,14,523.02,540.20,36.79,112.57,0.2788,-1,-1,-1
86,8,1707.13,535.49,37.14,74.26,0.3145,-1,-1,-1
86,7,284.60,560.85,48.92,132.51,0.5830,-1,-1,-1
86,6,229.83,556.61,51.32,137.14,0.4305,-1,-1,-1
86,2,1672.10,580.62,69.88,179.03,0.7646,-1,-1,-1
87,28,383.13,554.21,35.92,98.00,0.5402,-1,-1,-1
87,26,96.78,561.45,59.79,135.51,0.5342,-1,-1,-1
87,25,441.93,547.70,42.22,115.77,0.3910,-1,-1,-1
87,23,324.53,560.26,32.39,80.82,0.2803,-1,-1,-1
87,20,414.86,538.29,40.48,119.96,0.3092,-1,-1,-1
87,8,1706.43,538.15,36.83,68.15,0.2533,-1,-1,-1
87,7,280.33,563.88,52.32,132.60,0.5734,-1,-1,-1
87,6,225.45,555.35,50.46,140.24,0.4919,-1,-1,-1
87,2,1671.89,584.63,72.54,179.67,0.7968,-1,-1,-1
88,28,377.91,556.13,34.41,97.64,0.3989,-1,-1,-1
88,26,91.75,567.66,50.91,128.87,0.5030,-1,-1,-1
88,25,432.81,548.11,48.26,119.71,0.4156,-1,-1,-1
88,23,316.15,566.97,33.25,77.80,0.2775,-1,-1,-1
88,14,512.64,539.83,37.69,121.63,0.3389,-1,-1,-1
88,7,270.13,569.73,51.69,131.66,0.5029,-1,-1,-1
88,6,220.32,561.94,50.35,138.77,0.5733,-1,-1,-1
88,2,1675.14,581.62,71.38,185.34,0.7977,-1,-1,-1
89,28,368.17,554.38,30.96,98.42,0.4574,-1,-1,-1
89,26,84.00,561.52,53.97,137.21,0.4656,-1,-1,-1
89,25,431.27,545.91,41.93,122.96,0.5836,-1,-1,-1
89,20,401.46,538.46,36.26,123.33,0.2856,-1,-1,-1
89,7,265.61,566.42,51.47,132.18,0.4706,-1,-1,-1
89,6,215.58,556.90,47.96,144.53,0.3128,-1,-1,-1
89,2,1679.07,584.13,69.51,189.95,0.8037,-1,-1,-1
90,28,359.87,570.14,35.45,88.89,0.4281,-1,-1,-1
90,26,74.90,565.15,58.81,139.28,0.4846,-1,-1,-1
90,25,420.05,547.26,46.76,126.13,0.3054,-1,-1,-1
90,20,392.56,539.04,41.95,132.41,0.3598,-1,-1,-1
90,7,260.08,571.01,54.00,134.91,0.5301,-1,-1,-1
90,6,204.26,554.93,53.07,149.50,0.3254,-1,-1,-1
90,2,1682.47,585.67,69.93,193.22,0.7568,-1,-1,-1
91,28,354.66,571.00,33.30,88.92,0.3764,-1,-1,-1
91,26,67.96,566.80,55.42,142.37,0.4517,-1,-1,-1
91,25,413.95,551.34,46.27,124.22,0.5728,-1,-1,-1
91,23,280.72,546.94,44.16,157.57,0.2706,-1,-1,-1
91,20,385.01,547.89,42.82,121.18,0.3130,-1,-1,-1
91,7,248.58,551.59,68.85,156.53,0.4393,-1,-1,-1
91,6,200.49,560.58,50.64,145.28,0.3825,-1,-1,-1
91,2,1684.95,599.12,73.51,185.58,0.7887,-1,-1,-1
92,30,1227.06,499.99,21.23,54.47,0.2591,-1,-1,-1
92,26,57.54,571.57,67.07,142.24,0.3359,-1,-1,-1
92,25,408.18,554.15,43.02,125.55,0.5375,-1,-1,-1
92,20,381.09,559.84,35.95,117.17,0.3352,-1,-1,-1
92,7,247.37,554.98,61.33,156.65,0.5456,-1,-1,-1
92,6,189.43,561.14,55.15,151.50,0.3345,-1,-1,-1
92,2,1688.03,602.33,73.64,185.18,0.7964,-1,-1,-1
93,30,1225.42,500.51,20.80,55.54,0.2545,-1,-1,-1
93,28,339.11,580.21,33.02,88.55,0.4045,-1,-1,-1
93,26,49.46,577.17,63.24,138.88,0.2706,-1,-1,-1
93,25,401.15,556.76,44.09,126.95,0.5216,-1,-1,-1
93,20,370.36,553.29,36.12,128.66,0.3042,-1,-1,-1
93,8,1699.57,542.70,37.79,77.33,0.2825,-1,-1,-1
93,7,242.44,572.63,51.93,139.93,0.5533,-1,-1,-1
93,6,185.43,551.36,53.29,164.65,0.5642,-1,-1,-1
93,2,1688.75,606.25,74.01,186.41,0.8092,-1,-1,-1
94,30,1223.45,499.96,21.84,58.42,0.2734,-1,-1,-1
94,28,333.27,581.19,31.71,93.26,0.4827,-1,-1,-1
94,25,391.91,555.77,45.65,129.27,0.6202,-1,-1,-1
94,20,365.29,551.93,39.51,130.41,0.4128,-1,-1,-1
94,8,1697.22,540.97,38.92,82.64,0.3709,-1,-1,-1
94,7,235.72,576.54,55.04,140.29,0.5421,-1,-1,-1
94,6,182.26,564.88,51.30,152.25,0.5233,-1,-1,-1
94,2,1689.95,607.66,73.73,187.38,0.8040,-1,-1,-1
95,28,322.19,585.94,32.49,91.00,0.2524,-1,-1,-1
95,25,387.84,559.19,44.91,127.93,0.5344,-1,-1,-1
95,19,445.64,565.61,37.45,117.82,0.3414,-1,-1,-1
95,14,478.92,557.63,27.90,106.54,0.2587,-1,-1,-1
95,8,1693.99,542.21,41.54,94.10,0.4892,-1,-1,-1
95,7,226.08,580.18,57.77,138.77,0.5212,-1,-1,-1
95,6,173.44,564.17,54.85,154.54,0.6019,-1,-1,-1
95,2,1691.90,611.00,75.28,189.64,0.7915,-1,-1,-1
96,28,316.57,584.04,32.22,88.80,0.4530,-1,-1,-1
96,25,380.40,568.12,43.95,123.18,0.4838,-1,-1,-1
96,20,353.38,558.43,34.03,129.87,0.3449,-1,-1,-1
96,19,440.43,574.51,38.17,112.48,0.2750,-1,-1,-1
96,8,1693.55,541.88,44.14,95.89,0.5265,-1,-1,-1
96,7,222.00,582.92,51.96,142.10,0.5758,-1,-1,-1
96,6,164.87,577.54,54.58,146.80,0.4634,-1,-1,-1
96,2,1696.30,611.01,74.62,190.89,0.7886,-1,-1,-1
97,28,307.84,576.21,34.62,100.16,0.5859,-1,-1,-1
97,26,20.63,568.81,67.10,158.64,0.2876,-1,-1,-1
97,25,371.41,555.99,47.84,134.48,0.5171,-1,-1,-1
97,20,342.74,550.98,39.96,135.32,0.4801,-1,-1,-1
97,19,438.51,568.63,34.91,117.42,0.3467,-1,-1,-1
97,14,462.79,561.28,33.71,108.82,0.2725,-1,-1,-1
97,8,1693.09,545.49,42.42,93.79,0.5334,-1,-1,-1
97,7,211.35,578.18,56.86,144.86,0.6522,-1,-1,-1
97,6,158.85,580.00,52.26,139.19,0.5563,-1,-1,-1
97,2,1700.48,612.73,76.82,193.02,0.7860,-1,-1,-1
98,25,366.68,583.18,45.33,108.56,0.6109,-1,-1,-1
98,20,336.20,562.48,39.68,129.05,0.3058,-1,-1,-1
98,19,422.22,575.40,38.24,117.26,0.3184,-1,-1,-1
98,14,453.10,565.13,35.12,117.69,0.3323,-1,-1,-1
98,8,1690.99,546.30,40.52,95.18,0.5095,-1,-1,-1
98,7,203.35,581.60,55.11,145.98,0.6216,-1,-1,-1
98,6,151.21,582.66,53.38,144.18,0.5599,-1,-1,-1
98,2,1705.08,612.45,76.66,196.52,0.7919,-1,-1,-1
99,28,290.03,589.29,34.40,87.80,0.4879,-1,-1,-1
99,25,358.43,567.25,46.53,125.59,0.5577,-1,-1,-1
99,20,329.60,556.47,36.36,132.89,0.4519,-1,-1,-1
99,19,413.90,573.32,41.31,119.78,0.3764,-1,-1,-1
99,8,1688.30,546.04,42.36,102.94,0.5021,-1,-1,-1
99,7,197.29,578.06,53.65,148.25,0.6654,-1,-1,-1
99,6,142.12,581.31,54.55,142.87,0.4824,-1,-1,-1
99,2,1706.66,614.43,78.85,197.61,0.7603,-1,-1,-1
100,32,1556.65,521.77,25.75,79.29,0.3916,-1,-1,-1
100,28,281.07,586.74,35.61,97.10,0.5926,-1,-1,-1
100,25,347.65,576.50,51.87,117.87,0.5459,-1,-1,-1
100,20,319.33,561.31,39.61,131.48,0.4082,-1,-1,-1
100,14,441.90,562.91,32.55,105.23,0.4478,-1,-1,-1
100,8,1685.38,548.77,42.45,101.21,0.6411,-1,-1,-1
100,7,188.72,587.93,54.92,141.03,0.6085,-1,-1,-1
100,6,130.25,583.91,56.98,140.11,0.5672,-1,-1,-1
100,2,1709.29,612.70,80.83,200.28,0.7946,-1,-1,-1
101,32,1555.13,523.52,23.22,80.41,0.3248,-1,-1,-1
101,28,272.97,588.89,33.44,90.93,0.4470,-1,-1,-1
101,25,340.31,570.72,49.35,122.44,0.5708,-1,-1,-1
101,20,309.27,578.48,37.23,112.47,0.3813,-1,-1,-1
101,19,396.34,570.85,42.39,128.10,0.4529,-1,-1,-1
101,14,434.09,561.14,34.62,107.80,0.3740,-1,-1,-1
101,8,1685.25,550.68,38.75,103.07,0.7197,-1,-1,-1
101,7,179.48,582.01,58.71,145.54,0.5850,-1,-1,-1
101,6,123.99,578.20,58.43,145.26,0.6033,-1,-1,-1
101,2,1711.13,615.96,81.13,202.63,0.7865,-1,-1,-1
102,32,1548.33,521.65,25.50,81.52,0.3885,-1,-1,-1
102,28,261.96,593.65,36.26,87.98,0.5423,-1,-1,-1
102,25,332.21,575.67,49.00,120.19,0.6190,-1,-1,-1
102,20,302.23,580.30,35.30,112.74,0.3031,-1,-1,-1
102,19,389.36,574.06,43.29,125.57,0.3721,-1,-1,-1
102,14,432.24,561.27,30.61,110.91,0.3856,-1,-1,-1
102,8,1684.55,550.49,36.90,103.00,0.7410,-1,-1,-1
102,7,171.74,583.25,57.32,145.08,0.5693,-1,-1,-1
102,6,114.53,581.33,57.68,146.58,0.6262,-1,-1,-1
102,2,1712.81,620.54,82.57,199.40,0.8136,-1,-1,-1
103,32,1545.82,518.91,25.04,78.69,0.4540,-1,-1,-1
103,28,255.67,588.52,36.47,100.28,0.4423,-1,-1,-1
103,26,46.72,579.32,49.27,131.96,0.2965,-1,-1,-1
103,25,326.01,574.04,52.67,120.88,0.4853,-1,-1,-1
103,20,293.41,563.08,41.18,131.65,0.2903,-1,-1,-1
103,19,385.34,570.26,39.32,128.66,0.3381,-1,-1,-1
103,14,422.61,561.60,31.63,107.65,0.3369,-1,-1,-1
103,8,1683.71,550.44,36.27,101.98,0.7189,-1,-1,-1
103,7,163.84,588.59,57.38,142.03,0.5183,-1,-1,-1
103,6,105.15,577.71,57.15,150.78,0.5525,-1,-1,-1
103,2,1713.65,618.70,86.38,206.07,0.8262,-1,-1,-1
104,32,1545.56,521.79,22.54,76.20,0.3727,-1,-1,-1
104,28,248.15,589.55,36.08,91.28,0.3085,-1,-1,-1
104,26,35.39,578.03,52.51,140.39,0.3048,-1,-1,-1
104,25,315.32,578.49,50.38,115.57,0.3580,-1,-1,-1
104,23,289.71,551.10,56.16,139.72,0.2566,-1,-1,-1
104,20,283.68,588.32,37.33,106.96,0.2651,-1,-1,-1
104,19,373.41,575.67,41.19,123.95,0.4726,-1,-1,-1
104,14,415.19,557.63,34.40,107.13,0.4466,-1,-1,-1
104,8,1682.67,551.78,35.29,102.24,0.7075,-1,-1,-1
104,7,154.29,590.80,50.48,136.84,0.4258,-1,-1,-1
104,6,95.08,576.44,58.57,149.84,0.5657,-1,-1,-1
104,2,1715.08,624.85,87.01,207.22,0.8178,-1,-1,-1
105,28,237.45,591.91,37.59,91.67,0.4489,-1,-1,-1
105,26,23.86,580.43,54.37,144.41,0.4171,-1,-1,-1
105,25,304.67,563.65,53.69,134.26,0.5166,-1,-1,-1
105,19,367.71,568.51,41.12,134.01,0.3747,-1,-1,-1
105,14,408.18,559.12,34.71,117.32,0.4024,-1,-1,-1
105,8,1681.64,549.57,34.63,103.56,0.6655,-1,-1,-1
105,7,145.48,585.47,59.66,144.46,0.5509,-1,-1,-1
105,6,87.42,579.65,57.39,149.07,0.6009,-1,-1,-1
105,2,1717.77,624.17,86.72,210.24,0.8057,-1,-1,-1
106,32,1535.03,522.19,25.94,73.35,0.3972,-1,-1,-1
106,28,227.40,589.14,36.30,96.83,0.3598,-1,-1,-1
106,26,15.04,578.63,56.35,144.03,0.2680,-1,-1,-1
106,25,299.33,566.93,51.74,130.07,0.5016,-1,-1,-1
106,20,264.87,587.88,42.21,114.07,0.2788,-1,-1,-1
106,19,360.83,566.73,39.84,135.80,0.5134,-1,-1,-1
106,14,402.83,558.91,31.72,112.90,0.2996,-1,-1,-1
106,8,1678.35,549.07,34.23,105.96,0.6087,-1,-1,-1
106,7,138.99,573.88,60.14,155.90,0.5310,-1,-1,-1
106,6,77.30,573.81,55.58,154.60,0.5599,-1,-1,-1
106,2,1723.83,625.54,84.88,212.40,0.7799,-1,-1,-1
107,32,1533.17,520.76,28.27,77.35,0.4412,-1,-1,-1
107,28,218.50,591.52,39.39,98.16,0.5192,-1,-1,-1
107,26,8.37,575.88,50.99,145.01,0.3999,-1,-1,-1
107,25,287.06,557.07,53.69,140.83,0.4681,-1,-1,-1
107,20,257.18,589.32,36.91,113.92,0.3930,-1,-1,-1
107,19,351.30,561.57,42.94,142.04,0.5354,-1,-1,-1
107,14,393.39,561.57,34.64,105.28,0.5080,-1,-1,-1
107,8,1677.55,547.61,32.24,105.48,0.5536,-1,-1,-1
107,7,130.01,586.48,55.15,144.15,0.4010,-1,-1,-1
107,6,67.69,572.05,58.95,156.47,0.5917,-1,-1,-1
107,2,1726.69,622.51,84.08,217.34,0.7890,-1,-1,-1
108,32,1532.70,524.35,25.23,74.78,0.3922,-1,-1,-1
108,28,209.96,586.00,36.90,101.71,0.5889,-1,-1,-1
108,26,0.49,574.64,53.17,150.66,0.4789,-1,-1,-1
108,25,278.23,558.28,54.68,141.85,0.5478,-1,-1,-1
108,19,341.92,563.12,45.60,141.14,0.5371,-1,-1,-1
108,14,389.62,559.96,34.42,105.07,0.4565,-1,-1,-1
108,8,1676.86,549.17,30.98,106.41,0.4694,-1,-1,-1
108,7,120.65,574.25,54.68,155.38,0.4990,-1,-1,-1
108,6,52.81,567.41,65.64,161.97,0.5359,-1,-1,-1
108,2,1728.65,628.60,84.87,217.71,0.8030,-1,-1,-1
109,32,1527.18,522.29,26.79,74.63,0.3971,-1,-1,-1
109,28,200.53,587.78,37.39,106.26,0.5079,-1,-1,-1
109,26,0.45,573.66,42.01,156.46,0.3691,-1,-1,-1
109,25,266.97,571.33,55.44,133.49,0.4146,-1,-1,-1
109,19,337.22,555.04,41.03,150.75,0.5920,-1,-1,-1
109,14,381.11,557.40,35.49,113.50,0.4563,-1,-1,-1
109,8,1675.42,549.75,30.46,106.33,0.5373,-1,-1,-1
109,7,113.52,572.92,58.95,158.05,0.4129,-1,-1,-1
109,6,44.33,568.90,63.26,159.62,0.4893,-1,-1,-1
109,2,1730.82,628.17,86.16,222.25,0.8076,-1,-1,-1
110,32,1524.27,523.96,26.18,69.04,0.2786,-1,-1,-1
110,28,190.13,587.17,39.34,105.17,0.5302,-1,-1,-1
110,26,0.32,571.79,32.75,154.11,0.3812,-1,-1,-1
110,25,252.40,551.95,60.62,151.38,0.5140,-1,-1,-1
110,19,325.93,565.82,44.92,139.23,0.6133,-1,-1,-1
110,14,373.89,557.23,35.00,107.90,0.4486,-1,-1,-1
110,8,1674.66,551.11,28.73,107.18,0.3544,-1,-1,-1
110,7,102.93,571.97,55.65,158.76,0.5837,-1,-1,-1
110,6,30.31,567.29,70.32,162.60,0.5921,-1,-1,-1
110,2,1732.23,628.81,86.44,225.56,0.8127,-1,-1,-1
111,28,180.46,590.15,37.40,107.52,0.4031,-1,-1,-1
111,25,248.09,561.65,57.00,142.85,0.4755,-1,-1,-1
111,19,318.37,576.08,41.33,130.59,0.5317,-1,-1,-1
111,14,365.98,559.30,36.49,109.12,0.4498,-1,-1,-1
111,7,93.22,566.47,59.97,167.20,0.5886,-1,-1,-1
111,6,19.83,561.99,72.71,168.72,0.6223,-1,-1,-1
111,2,1733.11,629.47,88.04,227.65,0.8115,-1,-1,-1
112,28,170.92,593.43,35.72,101.01,0.4825,-1,-1,-1
112,25,239.35,571.43,54.82,134.52,0.5937,-1,-1,-1
112,20,201.44,590.82,42.56,115.13,0.3070,-1,-1,-1
112,19,307.21,570.01,40.96,139.71,0.5582,-1,-1,-1
112,14,357.05,559.44,37.01,112.70,0.5559,-1,-1,-1
112,7,84.34,575.01,59.66,158.93,0.5701,-1,-1,-1
112,6,9.07,567.91,78.32,164.68,0.5341,-1,-1,-1
112,2,1734.43,632.77,90.18,227.30,0.8080,-1,-1,-1
113,28,161.63,596.01,37.67,103.03,0.5199,-1,-1,-1
113,25,231.95,578.85,52.91,131.44,0.6197,-1,-1,-1
113,19,298.65,572.53,38.38,139.72,0.6007,-1,-1,-1
113,14,349.36,563.00,36.30,111.46,0.4348,-1,-1,-1
113,7,75.18,578.75,56.03,158.98,0.5790,-1,-1,-1
113,6,2.04,557.83,71.66,175.99,0.5961,-1,-1,-1
113,2,1735.05,634.80,90.64,229.76,0.8039,-1,-1,-1
114,28,151.75,597.97,33.47,102.38,0.6192,-1,-1,-1
114,25,217.65,583.15,55.18,126.72,0.5789,-1,-1,-1
114,19,290.76,571.61,42.53,141.33,0.4919,-1,-1,-1
114,14,341.36,565.62,36.51,108.28,0.5104,-1,-1,-1
114,7,62.04,563.41,60.57,173.12,0.6499,-1,-1,-1
114,6,6.94,577.72,55.90,158.31,0.5476,-1,-1,-1
114,2,1737.72,635.35,89.46,230.35,0.7984,-1,-1,-1
115,28,141.40,596.14,37.45,106.16,0.6164,-1,-1,-1
115,25,198.22,566.17,64.76,143.85,0.5423,-1,-1,-1
115,19,279.16,582.27,37.02,133.01,0.5716,-1,-1,-1
115,14,333.24,563.78,38.25,112.73,0.6417,-1,-1,-1
115,7,52.18,565.38,60.09,173.99,0.6516,-1,-1,-1
115,6,4.76,574.76,50.84,160.92,0.4662,-1,-1,-1
115,2,1739.23,636.25,91.27,231.15,0.7915,-1,-1,-1
116,36,1459.63,527.92,21.90,57.91,0.2683,-1,-1,-1
116,28,130.29,599.27,34.55,102.70,0.5737,-1,-1,-1
116,25,198.73,576.80,56.12,140.70,0.5416,-1,-1,-1
116,19,271.36,578.99,37.42,138.23,0.4738,-1,-1,-1
116,14,323.26,567.75,39.51,110.31,0.6120,-1,-1,-1
116,7,44.43,574.52,57.00,167.52,0.6052,-1,-1,-1
116,6,0.34,585.04,50.07,155.47,0.6271,-1,-1,-1
116,2,1741.10,636.05,91.39,235.60,0.7989,-1,-1,-1
117,28,118.53,599.96,37.85,100.24,0.5760,-1,-1,-1
117,25,186.36,567.79,58.31,148.10,0.4908,-1,-1,-1
117,20,152.46,590.54,39.09,117.74,0.2640,-1,-1,-1
117,19,258.21,558.79,39.90,159.97,0.6098,-1,-1,-1
117,14,313.89,566.44,41.14,113.49,0.5427,-1,-1,-1
117,7,31.79,575.16,59.88,169.58,0.5951,-1,-1,-1
117,6,0.56,584.44,40.87,157.09,0.6280,-1,-1,-1
117,2,1740.82,639.19,94.49,238.94,0.8085,-1,-1,-1
118,37,1745.58,563.51,43.40,95.34,0.3526,-1,-1,-1
118,28,110.04,600.38,37.85,106.52,0.5085,-1,-1,-1
118,25,181.39,586.04,51.82,135.00,0.5471,-1,-1,-1
118,19,249.12,574.37,38.15,149.77,0.6612,-1,-1,-1
118,14,309.67,558.64,37.17,121.59,0.6467,-1,-1,-1
118,7,21.59,578.94,60.42,168.45,0.5140,-1,-1,-1
118,6,0.06,590.54,30.32,153.72,0.4959,-1,-1,-1
118,2,1742.81,636.92,96.27,245.91,0.8036,-1,-1,-1
119,37,1742.40,566.68,47.74,98.20,0.3530,-1,-1,-1
119,28,100.25,601.44,33.65,105.63,0.4756,-1,-1,-1
119,25,169.20,577.86,54.01,146.70,0.4578,-1,-1,-1
119,20,125.71,595.86,42.75,124.61,0.4131,-1,-1,-1
119,19,239.50,562.22,41.16,162.80,0.6096,-1,-1,-1
119,14,299.16,564.15,40.01,117.81,0.5508,-1,-1,-1
119,7,10.69,569.88,62.09,181.07,0.5951,-1,-1,-1
119,2,1745.93,640.59,100.37,245.69,0.8215,-1,-1,-1
120,37,1742.97,556.65,42.90,110.86,0.4102,-1,-1,-1
120,28,89.63,600.73,33.67,113.66,0.4243,-1,-1,-1
120,25,158.31,583.87,53.09,143.03,0.6007,-1,-1,-1
120,19,225.48,574.77,43.37,154.60,0.6484,-1,-1,-1
120,14,290.68,560.48,39.87,125.16,0.5785,-1,-1,-1
120,7,7.20,561.25,55.77,192.66,0.5784,-1,-1,-1
120,2,1748.48,645.65,104.64,244.00,0.8126,-1,-1,-1
121,37,1741.22,555.14,43.94,114.24,0.4363,-1,-1,-1
121,28,77.69,602.21,36.88,112.67,0.5915,-1,-1,-1
121,25,145.37,587.87,57.36,138.38,0.5885,-1,-1,-1
121,20,103.76,601.71,43.18,128.49,0.5229,-1,-1,-1
121,19,217.38,570.07,43.53,161.72,0.5591,-1,-1,-1
121,14,287.22,564.57,36.02,117.65,0.6308,-1,-1,-1
121,7,0.71,551.25,54.65,201.12,0.5797,-1,-1,-1
121,2,1752.41,645.39,103.91,248.67,0.8092,-1,-1,-1
122,37,1739.54,554.51,42.75,116.55,0.3941,-1,-1,-1
122,36,1470.49,519.35,18.65,62.95,0.2904,-1,-1,-1
122,28,67.28,606.01,35.96,109.41,0.4069,-1,-1,-1
122,25,140.60,595.17,51.94,140.58,0.5101,-1,-1,-1
122,19,204.26,575.06,48.59,158.01,0.6580,-1,-1,-1
122,14,274.61,564.44,41.29,120.39,0.6008,-1,-1,-1
122,7,0.17,556.56,45.46,199.39,0.6185,-1,-1,-1
122,2,1756.23,646.65,99.72,252.41,0.8083,-1,-1,-1
123,37,1739.92,556.07,42.20,118.53,0.4080,-1,-1,-1
123,28,53.18,608.38,38.56,116.90,0.3156,-1,-1,-1
123,25,127.89,600.56,57.67,138.39,0.4503,-1,-1,-1
123,20,81.31,605.34,43.86,131.62,0.4365,-1,-1,-1
123,19,193.62,584.50,50.20,151.32,0.5960,-1,-1,-1
123,14,265.47,557.07,42.97,132.69,0.6607,-1,-1,-1
123,7,0.03,575.76,38.97,179.25,0.5678,-1,-1,-1
123,2,1761.34,650.64,96.48,254.71,0.8086,-1,-1,-1
124,37,1739.52,556.00,42.81,114.55,0.4155,-1,-1,-1
124,28,42.42,608.65,37.58,116.84,0.3101,-1,-1,-1
124,25,97.05,582.81,53.08,151.35,0.4444,-1,-1,-1
124,19,185.20,590.48,47.24,147.00,0.6279,-1,-1,-1
124,14,261.93,571.67,37.49,118.91,0.5866,-1,-1,-1
124,7,0.06,597.54,27.09,161.04,0.4856,-1,-1,-1
124,2,1765.14,648.21,97.78,260.74,0.8160,-1,-1,-1
125,41,566.42,525.79,29.15,68.76,0.4155,-1,-1,-1
125,37,1736.53,555.00,42.70,117.81,0.3317,-1,-1,-1
125,28,31.29,611.99,35.31,112.47,0.4599,-1,-1,-1
125,25,86.61,579.55,50.54,148.68,0.3180,-1,-1,-1
125,20,59.86,615.96,37.83,118.67,0.3094,-1,-1,-1
125,19,173.41,590.84,52.01,148.50,0.6423,-1,-1,-1
125,14,250.72,571.32,40.12,119.91,0.5345,-1,-1,-1
125,7,0.09,619.21,25.79,103.09,0.3789,-1,-1,-1
125,2,1769.91,647.52,103.59,262.07,0.8160,-1,-1,-1
126,42,97.81,622.94,52.95,110.07,0.3173,-1,-1,-1
126,41,555.86,526.58,31.80,66.82,0.2582,-1,-1,-1
126,37,1729.22,555.41,42.16,106.64,0.2660,-1,-1,-1
126,28,20.50,615.11,39.07,112.38,0.4120,-1,-1,-1
126,25,77.73,586.86,52.35,144.36,0.2776,-1,-1,-1
126,19,160.33,597.38,54.51,145.28,0.5843,-1,-1,-1
126,14,243.12,565.77,39.79,128.50,0.5828,-1,-1,-1
126,2,1773.47,650.82,104.17,262.06,0.8114,-1,-1,-1
127,42,82.74,624.49,58.18,116.63,0.4737,-1,-1,-1
127,41,553.89,526.18,30.66,68.90,0.3477,-1,-1,-1
127,37,1727.64,556.39,42.71,106.26,0.3420,-1,-1,-1
127,28,3.22,623.57,38.51,102.83,0.3591,-1,-1,-1
127,20,35.07,621.66,39.54,120.47,0.3824,-1,-1,-1
127,19,153.96,601.88,50.39,144.27,0.5949,-1,-1,-1
127,14,236.51,570.45,38.48,125.60,0.5794,-1,-1,-1
127,2,1778.00,650.72,104.96,266.45,0.8200,-1,-1,-1
128,42,71.01,622.43,59.49,120.01,0.4675,-1,-1,-1
128,41,546.47,528.16,32.82,68.61,0.4191,-1,-1,-1
128,37,1727.51,557.94,41.11,106.64,0.4015,-1,-1,-1
128,28,0.05,620.57,28.78,110.68,0.3408,-1,-1,-1
128,19,141.18,602.96,54.93,144.28,0.5498,-1,-1,-1
128,14,224.26,559.55,41.26,136.60,0.6125,-1,-1,-1
128,2,1780.83,653.88,106.99,266.91,0.8193,-1,-1,-1
129,42,64.47,621.35,54.17,125.31,0.3575,-1,-1,-1
129,41,544.89,528.46,28.26,68.12,0.3434,-1,-1,-1
129,37,1727.20,556.42,38.53,109.65,0.3780,-1,-1,-1
129,28,0.16,623.49,19.99,109.21,0.3118,-1,-1,-1
129,25,39.07,589.38,50.35,145.84,0.3115,-1,-1,-1
129,19,130.56,598.09,50.67,153.99,0.5154,-1,-1,-1
129,14,218.79,567.98,39.32,132.33,0.5914,-1,-1,-1
129,2,1786.18,656.35,112.46,269.14,0.8236,-1,-1,-1
130,42,47.55,621.09,57.35,128.96,0.3906,-1,-1,-1
130,41,540.79,526.21,25.26,72.83,0.2984,-1,-1,-1
130,37,1724.59,556.63,35.74,116.76,0.3986,-1,-1,-1
130,25,28.17,586.49,52.10,159.56,0.4398,-1,-1,-1
130,20,0.10,622.57,28.13,115.62,0.3868,-1,-1,-1
130,19,116.04,604.05,61.14,150.95,0.3295,-1,-1,-1
130,14,209.59,565.14,41.27,135.81,0.5546,-1,-1,-1
130,2,1787.36,657.94,116.65,271.97,0.8219,-1,-1,-1
131,41,533.34,526.02,29.38,72.00,0.4063,-1,-1,-1
131,37,1715.56,557.48,44.26,120.28,0.4683,-1,-1,-1
131,25,12.55,588.28,54.62,150.58,0.4849,-1,-1,-1
131,19,104.64,596.98,46.59,159.18,0.4307,-1,-1,-1
131,14,200.21,575.93,41.10,125.48,0.4724,-1,-1,-1
131,2,1791.29,659.10,118.84,277.94,0.8319,-1,-1,-1
132,41,527.59,526.94,29.43,71.89,0.2605,-1,-1,-1
132,37,1714.23,555.03,44.62,120.40,0.4538,-1,-1,-1
132,25,2.07,584.03,51.70,161.61,0.5510,-1,-1,-1
132,19,94.67,598.25,45.68,162.03,0.4306,-1,-1,-1
132,14,191.64,568.14,41.39,135.08,0.6432,-1,-1,-1
132,2,1796.70,661.26,120.45,285.81,0.8652,-1,-1,-1
133,42,13.90,627.76,59.03,135.25,0.3583,-1,-1,-1
133,41,524.09,527.77,31.30,71.31,0.4531,-1,-1,-1
133,37,1712.59,557.56,45.99,120.05,0.4478,-1,-1,-1
133,25,0.12,588.85,42.63,163.27,0.3456,-1,-1,-1
133,19,78.89,592.44,50.07,170.75,0.5457,-1,-1,-1
133,14,181.40,564.93,45.04,136.88,0.5320,-1,-1,-1
133,2,1803.53,662.99,115.03,290.67,0.8824,-1,-1,-1
134,42,1.24,627.41,55.12,139.33,0.4838,-1,-1,-1
134,41,521.71,529.39,25.52,72.13,0.4260,-1,-1,-1
134,37,1710.56,555.95,46.84,120.04,0.4811,-1,-1,-1
134,19,41.52,572.06,75.26,198.05,0.4959,-1,-1,-1
134,14,173.58,566.78,40.88,138.82,0.5591,-1,-1,-1
134,2,1807.89,665.48,111.19,295.84,0.8508,-1,-1,-1
135,42,0.17,615.62,46.76,151.67,0.5673,-1,-1,-1
135,41,514.79,527.97,29.50,73.98,0.5474,-1,-1,-1
135,37,1705.11,554.76,51.51,119.73,0.5032,-1,-1,-1
135,19,29.70,571.34,77.61,201.87,0.5413,-1,-1,-1
135,14,166.50,571.36,39.98,137.40,0.5435,-1,-1,-1
135,2,1811.32,666.06,107.80,302.87,0.8147,-1,-1,-1
136,42,0.08,622.64,35.64,145.73,0.6005,-1,-1,-1
136,41,508.67,527.07,28.05,73.73,0.5365,-1,-1,-1
136,37,1700.56,557.14,50.73,113.58,0.4715,-1,-1,-1
136,19,24.68,574.81,74.11,199.75,0.5249,-1,-1,-1
136,14,157.12,566.75,41.27,141.37,0.3930,-1,-1,-1
136,2,1818.05,671.03,100.94,305.13,0.8375,-1,-1,-1
137,42,0.16,640.65,26.46,132.24,0.4698,-1,-1,-1
137,41,503.05,527.36,29.80,75.90,0.5479,-1,-1,-1
137,37,1699.63,555.47,50.79,114.24,0.5034,-1,-1,-1
137,19,20.31,573.73,66.28,204.14,0.6259,-1,-1,-1
137,14,148.47,575.68,39.85,135.43,0.4034,-1,-1,-1
137,2,1824.27,680.43,95.11,306.25,0.7742,-1,-1,-1
138,47,1570.17,556.59,45.33,107.26,0.5702,-1,-1,-1
138,41,499.68,531.37,30.35,71.98,0.5814,-1,-1,-1
138,37,1698.08,556.31,50.66,113.00,0.4897,-1,-1,-1
138,19,12.23,572.87,60.47,204.49,0.6375,-1,-1,-1
138,14,139.97,572.27,41.12,140.12,0.4940,-1,-1,-1
138,2,1830.81,678.96,88.57,310.61,0.7835,-1,-1,-1
139,47,1568.71,553.60,38.02,109.58,0.5947,-1,-1,-1
139,41,495.83,527.81,26.40,72.48,0.4401,-1,-1,-1
139,37,1697.73,557.19,48.71,109.68,0.5073,-1,-1,-1
139,19,5.44,579.03,55.77,198.96,0.6160,-1,-1,-1
139,2,1832.75,679.02,86.64,315.83,0.7701,-1,-1,-1
140,47,1566.43,549.99,37.13,111.77,0.6625,-1,-1,-1
140,41,489.83,526.79,29.07,73.76,0.4968,-1,-1,-1
140,37,1698.47,551.68,46.96,116.78,0.5277,-1,-1,-1
140,19,0.22,575.39,47.82,213.03,0.6252,-1,-1,-1
140,14,121.95,560.28,42.36,155.93,0.3746,-1,-1,-1
140,2,1840.37,682.80,78.99,309.20,0.7505,-1,-1,-1
141,49,404.02,531.10,24.70,64.54,0.3874,-1,-1,-1
141,47,1562.87,550.38,39.05,111.07,0.7275,-1,-1,-1
141,41,484.98,527.98,27.30,73.91,0.5268,-1,-1,-1
141,37,1699.89,551.62,43.98,116.43,0.4524,-1,-1,-1
141,19,0.17,581.54,37.14,205.47,0.5907,-1,-1,-1
141,2,1847.47,678.16,71.90,310.30,0.6799,-1,-1,-1
142,49,399.84,530.98,26.39,64.35,0.3643,-1,-1,-1
142,47,1559.77,552.72,41.11,106.75,0.6806,-1,-1,-1
142,41,480.46,527.09,28.82,75.72,0.4995,-1,-1,-1
142,37,1702.19,557.14,40.17,113.95,0.4370,-1,-1,-1
142,2,1854.38,699.47,64.99,292.51,0.6423,-1,-1,-1
143,47,1556.58,554.03,40.64,109.37,0.5899,-1,-1,-1
143,41,476.44,527.44,32.03,73.07,0.5369,-1,-1,-1
143,37,1699.17,563.43,40.71,107.55,0.3686,-1,-1,-1
143,6,0.13,569.71,19.57,100.34,0.4087,-1,-1,-1
143,2,1860.28,706.02,59.10,294.96,0.5927,-1,-1,-1
144,49,385.17,528.73,28.50,66.76,0.2881,-1,-1,-1
144,48,435.04,529.23,25.06,66.16,0.3084,-1,-1,-1
144,47,1554.31,556.57,37.24,109.22,0.7093,-1,-1,-1
144,41,474.25,527.40,27.06,75.34,0.5946,-1,-1,-1
144,37,1695.88,567.60,42.68,106.77,0.4585,-1,-1,-1
144,2,1866.55,717.51,52.85,246.59,0.4746,-1,-1,-1
145,49,382.58,529.18,28.01,64.88,0.4090,-1,-1,-1
145,47,1548.65,557.47,37.37,107.45,0.6957,-1,-1,-1
145,41,467.70,527.06,28.68,73.62,0.5255,-1,-1,-1
145,37,1694.26,570.27,42.98,107.07,0.6018,-1,-1,-1
145,2,1874.58,734.23,44.85,228.07,0.2559,-1,-1,-1
146,49,379.60,529.60,26.24,64.21,0.4055,-1,-1,-1
146,47,1544.70,555.41,39.27,111.29,0.6497,-1,-1,-1
146,41,463.12,525.82,27.73,74.81,0.5848,-1,-1,-1
146,37,1693.16,574.20,42.83,100.40,0.6214,-1,-1,-1
147,49,372.17,531.19,28.37,65.49,0.3213,-1,-1,-1
147,47,1540.34,557.32,39.63,109.18,0.6766,-1,-1,-1
147,41,456.66,526.70,29.94,76.09,0.5244,-1,-1,-1
147,37,1691.25,573.56,41.18,104.17,0.5343,-1,-1,-1
148,51,1353.67,526.11,31.30,68.27,0.2737,-1,-1,-1
148,49,362.27,528.81,29.01,67.19,0.3125,-1,-1,-1
148,47,1529.96,554.27,47.45,114.01,0.6901,-1,-1,-1
148,41,452.63,529.72,30.29,73.38,0.5903,-1,-1,-1
148,37,1682.56,569.35,47.98,106.94,0.4709,-1,-1,-1
149,51,1344.80,525.89,35.45,68.37,0.2644,-1,-1,-1
149,49,358.54,529.41,30.78,68.10,0.3715,-1,-1,-1
149,47,1517.35,554.32,57.00,113.84,0.6863,-1,-1,-1
149,41,448.46,528.99,28.57,75.18,0.5575,-1,-1,-1
149,37,1680.85,570.15,43.10,105.71,0.6105,-1,-1,-1
150,51,1343.81,524.38,34.84,70.55,0.2513,-1,-1,-1
150,49,356.68,530.75,27.35,67.96,0.4075,-1,-1,-1
150,47,1511.00,560.21,60.70,107.35,0.7187,-1,-1,-1
150,41,442.43,528.45,30.13,77.11,0.5841,-1,-1,-1
150,37,1679.51,565.49,42.42,108.01,0.6682,-1,-1,-1
151,51,1337.96,525.57,30.34,69.75,0.2643,-1,-1,-1
151,49,349.59,533.56,28.52,68.00,0.3415,-1,-1,-1
151,47,1511.13,560.10,56.99,108.76,0.7009,-1,-1,-1
151,41,435.10,526.67,30.64,78.60,0.5415,-1,-1,-1
151,37,1675.88,567.12,43.07,107.93,0.5866,-1,-1,-1
152,47,1509.12,557.55,54.01,111.18,0.6990,-1,-1,-1
152,41,428.68,530.39,31.10,76.27,0.5592,-1,-1,-1
152,37,1672.77,567.02,43.07,104.97,0.5131,-1,-1,-1
153,49,336.70,536.60,29.84,65.57,0.3114,-1,-1,-1
153,47,1502.69,557.07,57.28,109.88,0.6614,-1,-1,-1
153,41,425.00,531.09,27.66,74.42,0.5252,-1,-1,-1
153,37,1675.11,566.67,36.33,92.86,0.4089,-1,-1,-1
154,47,1498.50,551.93,50.99,114.73,0.6688,-1,-1,-1
154,41,416.79,532.32,30.66,77.52,0.5157,-1,-1,-1
154,37,1673.63,572.37,33.04,87.07,0.2669,-1,-1,-1
155,51,1307.95,526.69,36.95,68.19,0.2588,-1,-1,-1
155,49,325.43,539.17,26.63,66.61,0.2823,-1,-1,-1
155,47,1492.11,552.34,48.61,112.84,0.6495,-1,-1,-1
155,41,410.88,529.34,29.46,80.44,0.5748,-1,-1,-1
156,51,1304.43,521.15,31.69,73.24,0.3486,-1,-1,-1
156,47,1488.66,550.19,44.70,116.38,0.6682,-1,-1,-1
156,41,403.01,533.59,31.15,78.24,0.5339,-1,-1,-1
157,55,1440.20,533.47,22.88,88.74,0.5085,-1,-1,-1
157,51,1301.96,521.30,29.96,72.25,0.3436,-1,-1,-1
157,49,307.58,538.36,26.59,69.01,0.3183,-1,-1,-1
157,47,1481.04,551.81,44.56,112.71,0.6720,-1,-1,-1
157,41,397.95,535.35,29.93,77.11,0.5838,-1,-1,-1
158,55,1436.79,533.69,22.11,88.59,0.4271,-1,-1,-1
158,51,1296.84,520.66,31.16,74.25,0.3213,-1,-1,-1
158,49,304.40,540.76,26.62,69.35,0.3131,-1,-1,-1
158,47,1473.66,547.48,45.54,116.95,0.7304,-1,-1,-1
158,41,393.39,535.94,28.44,79.09,0.5319,-1,-1,-1
159,47,1470.29,546.29,43.62,118.63,0.7112,-1,-1,-1
159,41,387.65,537.51,28.16,77.93,0.5667,-1,-1,-1
160,51,1282.57,519.63,36.60,74.04,0.2908,-1,-1,-1
160,47,1466.38,545.73,42.68,119.21,0.6753,-1,-1,-1
160,41,379.57,538.40,31.39,79.97,0.5007,-1,-1,-1
161,51,1285.47,517.57,29.32,76.40,0.3037,-1,-1,-1
161,47,1461.40,547.50,43.69,117.04,0.6508,-1,-1,-1
161,41,376.50,538.49,29.88,79.05,0.4978,-1,-1,-1
162,56,323.79,475.91,32.72,139.45,0.3488,-1,-1,-1
162,47,1457.38,550.32,44.56,110.97,0.6770,-1,-1,-1
162,41,371.11,540.08,31.85,77.75,0.5280,-1,-1,-1
163,58,1090.73,518.84,40.49,57.24,0.2887,-1,-1,-1
163,47,1450.73,550.18,47.71,113.36,0.6457,-1,-1,-1
163,41,364.65,540.45,31.56,80.32,0.4652,-1,-1,-1
164,55,1418.24,536.32,23.82,84.39,0.2532,-1,-1,-1
164,47,1446.71,548.35,47.52,114.58,0.6249,-1,-1,-1
164,41,360.62,540.45,32.57,80.05,0.5371,-1,-1,-1
165,47,1438.12,547.67,51.96,116.21,0.6663,-1,-1,-1
165,41,354.51,541.50,31.91,80.62,0.5057,-1,-1,-1
166,47,1433.87,548.64,50.18,115.37,0.6798,-1,-1,-1
166,41,350.97,543.75,28.77,78.80,0.5511,-1,-1,-1
167,47,1432.82,543.66,45.05,117.96,0.6658,-1,-1,-1
167,41,344.50,543.51,31.40,78.42,0.6244,-1,-1,-1
168,47,1428.70,542.68,43.27,116.99,0.6641,-1,-1,-1
168,41,338.24,543.26,34.03,79.65,0.5757,-1,-1,-1
169,47,1425.30,544.40,41.73,117.42,0.6759,-1,-1,-1
169,41,334.35,543.82,34.47,78.81,0.5617,-1,-1,-1
170,47,1420.96,539.43,41.56,121.50,0.6740,-1,-1,-1
170,41,330.61,543.05,31.01,78.84,0.5520,-1,-1,-1
171,47,1414.47,538.99,45.11,124.50,0.5670,-1,-1,-1
171,41,325.15,543.84,31.93,77.34,0.5632,-1,-1,-1
172,47,1410.56,533.82,43.05,126.67,0.6204,-1,-1,-1
172,41,320.46,541.21,31.28,78.25,0.5779,-1,-1,-1
173,47,1405.45,531.64,44.22,129.29,0.5631,-1,-1,-1
173,41,314.52,540.86,33.55,82.22,0.5737,-1,-1,-1
174,47,1402.38,531.31,46.22,131.71,0.6384,-1,-1,-1
174,41,310.94,543.58,34.75,78.49,0.6001,-1,-1,-1
175,47,1391.48,532.97,55.80,131.04,0.6645,-1,-1,-1
175,41,306.41,541.31,35.21,79.84,0.4848,-1,-1,-1
176,47,1387.06,536.49,56.61,127.87,0.6767,-1,-1,-1
176,41,301.46,541.59,33.81,81.00,0.5860,-1,-1,-1
177,47,1385.00,534.51,56.27,130.29,0.7054,-1,-1,-1
177,41,297.03,542.30,35.09,77.28,0.6517,-1,-1,-1
178,47,1387.16,535.11,51.97,130.21,0.6719,-1,-1,-1
178,41,293.35,541.60,33.86,82.16,0.6082,-1,-1,-1
179,47,1387.52,536.81,48.67,128.41,0.6810,-1,-1,-1
179,41,289.35,540.12,34.94,83.93,0.6119,-1,-1,-1
179,37,1607.57,542.91,38.91,128.26,0.4272,-1,-1,-1
180,47,1384.76,535.07,48.11,130.47,0.7040,-1,-1,-1
180,41,284.17,544.14,36.29,81.13,0.5634,-1,-1,-1
180,37,1608.04,543.39,38.48,128.52,0.4055,-1,-1,-1
181,47,1384.59,537.00,41.61,126.42,0.7124,-1,-1,-1
181,41,281.04,542.67,35.44,83.76,0.5570,-1,-1,-1
181,37,1598.53,544.94,52.44,128.04,0.3670,-1,-1,-1
182,61,1098.42,683.63,146.84,164.38,0.3752,-1,-1,-1
182,47,1379.74,537.70,43.33,127.52,0.7275,-1,-1,-1
182,41,274.76,543.61,35.08,83.34,0.5938,-1,-1,-1
182,37,1604.85,546.05,45.04,127.28,0.4360,-1,-1,-1
183,47,1375.48,536.61,44.19,128.73,0.7399,-1,-1,-1
183,41,272.59,544.17,33.23,85.30,0.6421,-1,-1,-1
183,37,1608.83,550.42,41.62,123.64,0.4207,-1,-1,-1
184,47,1373.40,535.96,42.85,129.75,0.7634,-1,-1,-1
184,41,266.86,546.89,34.59,83.87,0.6225,-1,-1,-1
184,37,1609.58,543.86,40.93,130.22,0.4364,-1,-1,-1
185,47,1370.78,534.03,44.38,132.12,0.7475,-1,-1,-1
185,41,262.48,547.88,35.10,82.92,0.5510,-1,-1,-1
185,37,1608.22,542.74,41.65,132.30,0.4627,-1,-1,-1
186,47,1369.86,534.29,42.12,132.59,0.7192,-1,-1,-1
186,41,259.37,546.86,35.55,85.10,0.5228,-1,-1,-1
186,37,1606.40,545.70,44.29,127.28,0.3661,-1,-1,-1
187,47,1367.19,533.73,42.65,133.21,0.7051,-1,-1,-1
187,41,254.85,548.35,34.64,86.00,0.5690,-1,-1,-1
187,37,1595.87,542.20,54.38,133.04,0.3333,-1,-1,-1
188,47,1364.73,534.36,44.33,134.51,0.6752,-1,-1,-1
188,41,249.92,549.91,34.90,86.34,0.5666,-1,-1,-1
188,37,1594.21,547.82,58.10,129.87,0.4374,-1,-1,-1
189,47,1358.02,532.03,50.39,138.51,0.6417,-1,-1,-1
189,41,246.83,549.74,34.54,90.46,0.5181,-1,-1,-1
189,37,1595.38,544.60,58.53,133.41,0.4622,-1,-1,-1
190,63,182.00,479.52,44.83,119.75,0.2541,-1,-1,-1
190,47,1356.23,534.50,51.09,134.83,0.6758,-1,-1,-1
190,41,241.60,549.34,37.09,90.73,0.5532,-1,-1,-1
190,37,1594.81,539.96,60.51,136.95,0.5133,-1,-1,-1
191,47,1353.79,535.05,52.27,134.54,0.6663,-1,-1,-1
191,41,238.33,554.25,36.43,86.76,0.5020,-1,-1,-1
191,37,1596.40,539.22,62.68,137.22,0.5088,-1,-1,-1
192,47,1352.05,542.71,51.01,126.32,0.6262,-1,-1,-1
192,41,234.11,552.70,38.52,87.67,0.5345,-1,-1,-1
192,37,1606.50,540.79,50.29,133.48,0.4879,-1,-1,-1
193,63,167.64,483.37,45.52,115.13,0.3278,-1,-1,-1
193,47,1350.02,540.68,51.63,130.24,0.6603,-1,-1,-1
193,41,228.12,556.52,38.41,85.76,0.6065,-1,-1,-1
193,37,1603.50,538.87,56.23,135.98,0.5483,-1,-1,-1
194,47,1348.49,542.09,48.88,127.97,0.6725,-1,-1,-1
194,41,226.41,559.88,34.66,84.87,0.5888,-1,-1,-1
194,37,1607.64,551.46,54.67,123.76,0.5190,-1,-1,-1
195,47,1346.24,541.07,48.72,130.28,0.6875,-1,-1,-1
195,41,222.37,559.83,34.18,84.08,0.5122,-1,-1,-1
195,37,1603.34,547.67,60.20,127.95,0.5450,-1,-1,-1
196,47,1346.49,542.08,46.12,131.45,0.6782,-1,-1,-1
196,41,218.94,560.90,35.28,87.22,0.4654,-1,-1,-1
196,37,1608.34,548.25,56.64,127.17,0.5421,-1,-1,-1
197,47,1346.08,540.92,44.61,132.26,0.6293,-1,-1,-1
197,41,213.69,561.75,36.02,86.37,0.4672,-1,-1,-1
197,37,1612.52,549.40,51.92,125.00,0.4579,-1,-1,-1
198,47,1345.76,543.10,42.79,126.95,0.4941,-1,-1,-1
198,41,212.03,562.42,33.80,85.48,0.5394,-1,-1,-1
198,37,1619.60,552.27,46.34,121.84,0.5008,-1,-1,-1
199,47,1344.31,543.59,43.81,125.92,0.6218,-1,-1,-1
199,41,206.71,562.37,35.23,87.04,0.5186,-1,-1,-1
199,37,1621.85,553.99,44.33,120.54,0.5727,-1,-1,-1
200,47,1342.56,545.48,45.28,126.68,0.6267,-1,-1,-1
200,41,202.37,563.51,38.08,89.27,0.4726,-1,-1,-1
200,37,1620.66,555.80,45.87,119.81,0.5277,-1,-1,-1
201,47,1341.64,549.07,44.98,122.97,0.6503,-1,-1,-1
201,41,200.68,563.64,34.13,89.37,0.4735,-1,-1,-1
201,37,1618.43,553.09,51.64,123.06,0.6185,-1,-1,-1
202,64,890.09,507.76,28.78,72.36,0.2837,-1,-1,-1
202,47,1339.31,548.35,45.95,124.93,0.6763,-1,-1,-1
202,41,193.63,562.88,37.82,92.65,0.6059,-1,-1,-1
202,37,1621.10,553.07,51.47,123.94,0.6072,-1,-1,-1
203,63,125.82,484.42,46.38,127.85,0.3064,-1,-1,-1
203,47,1336.94,552.25,48.31,119.36,0.7051,-1,-1,-1
203,41,189.22,563.81,41.23,92.26,0.5574,-1,-1,-1
203,37,1625.02,553.61,49.06,124.96,0.5664,-1,-1,-1
204,63,122.82,489.35,50.77,123.96,0.3934,-1,-1,-1
204,47,1336.47,550.74,48.01,121.86,0.7168,-1,-1,-1
204,41,187.75,565.85,39.24,91.30,0.5613,-1,-1,-1
204,37,1632.13,552.39,46.29,123.02,0.6135,-1,-1,-1
205,47,1335.61,545.89,47.49,126.69,0.7263,-1,-1,-1
205,41,182.26,566.99,37.58,90.62,0.5739,-1,-1,-1
205,37,1631.44,555.20,47.30,119.72,0.6115,-1,-1,-1
206,63,111.71,487.79,60.11,162.42,0.3010,-1,-1,-1
206,47,1335.76,547.54,47.06,125.63,0.7371,-1,-1,-1
206,41,177.65,567.83,39.96,90.28,0.5752,-1,-1,-1
206,37,1625.87,554.89,55.21,123.38,0.5101,-1,-1,-1
207,47,1334.31,549.09,46.94,127.03,0.7599,-1,-1,-1
207,41,172.80,570.51,39.16,92.65,0.5725,-1,-1,-1
207,37,1626.39,557.20,57.16,122.84,0.4882,-1,-1,-1
208,47,1332.73,546.71,49.49,130.03,0.7474,-1,-1,-1
208,41,168.69,570.38,38.71,92.30,0.5600,-1,-1,-1
208,37,1648.06,556.63,39.42,121.98,0.4171,-1,-1,-1
209,68,47.58,565.65,35.82,92.85,0.3768,-1,-1,-1
209,47,1331.30,543.89,49.66,133.71,0.7468,-1,-1,-1
209,41,165.64,568.94,39.11,93.13,0.5244,-1,-1,-1
209,37,1647.26,558.58,42.62,123.64,0.6142,-1,-1,-1
210,47,1330.51,541.93,48.74,135.20,0.7449,-1,-1,-1
210,41,163.12,570.71,37.08,93.31,0.4564,-1,-1,-1
210,37,1647.12,560.09,46.45,123.74,0.5731,-1,-1,-1
211,69,423.09,492.44,24.49,74.50,0.2680,-1,-1,-1
211,47,1330.17,545.47,47.12,133.01,0.7634,-1,-1,-1
211,41,158.63,570.42,42.42,95.47,0.5727,-1,-1,-1
211,37,1654.96,567.87,42.82,117.83,0.5296,-1,-1,-1
212,68,21.29,574.72,31.34,85.22,0.2520,-1,-1,-1
212,47,1328.22,547.07,49.22,131.28,0.7383,-1,-1,-1
212,41,156.05,570.40,40.53,95.34,0.6044,-1,-1,-1
212,37,1658.20,557.27,47.43,129.75,0.5281,-1,-1,-1
213,68,18.18,575.81,23.69,85.05,0.3110,-1,-1,-1
213,47,1329.17,548.97,49.20,131.13,0.7345,-1,-1,-1
213,41,153.76,571.88,40.56,94.89,0.5522,-1,-1,-1
213,37,1646.73,561.13,63.82,129.47,0.4816,-1,-1,-1
214,68,13.71,576.72,25.05,87.77,0.3227,-1,-1,-1
214,47,1330.72,547.07,49.18,134.17,0.6757,-1,-1,-1
214,41,151.13,574.27,40.87,94.00,0.5941,-1,-1,-1
214,37,1653.64,559.73,60.94,128.05,0.5132,-1,-1,-1
215,68,9.00,574.70,28.76,85.87,0.2849,-1,-1,-1
215,47,1330.44,548.24,49.72,135.30,0.6778,-1,-1,-1
215,41,149.64,571.43,39.62,95.05,0.5917,-1,-1,-1
215,37,1672.65,558.84,46.11,130.00,0.5428,-1,-1,-1
216,70,34.84,575.91,35.40,89.38,0.3158,-1,-1,-1
216,47,1332.86,551.35,48.03,134.76,0.6689,-1,-1,-1
216,41,147.62,574.35,36.05,91.85,0.4253,-1,-1,-1
216,37,1677.39,564.29,44.66,124.39,0.6051,-1,-1,-1
217,68,0.00,576.40,21.04,86.08,0.3518,-1,-1,-1
217,47,1333.18,550.71,48.69,135.55,0.7014,-1,-1,-1
217,41,142.91,572.81,36.26,95.65,0.4762,-1,-1,-1
217,37,1681.66,561.25,44.99,124.06,0.4835,-1,-1,-1
218,70,24.81,578.38,35.30,86.18,0.4097,-1,-1,-1
218,68,0.02,578.39,19.85,83.69,0.4196,-1,-1,-1
218,47,1335.98,549.09,47.09,135.30,0.7457,-1,-1,-1
218,41,140.10,573.49,37.90,93.98,0.4896,-1,-1,-1
218,37,1673.11,561.91,66.99,128.43,0.4890,-1,-1,-1
219,70,23.21,581.41,34.85,84.55,0.4327,-1,-1,-1
219,68,0.03,579.24,17.85,84.70,0.3336,-1,-1,-1
219,47,1337.52,550.31,46.97,136.43,0.7612,-1,-1,-1
219,41,140.51,572.68,38.84,95.06,0.4862,-1,-1,-1
219,37,1695.06,561.29,47.30,125.67,0.5400,-1,-1,-1
220,70,15.27,579.23,39.30,92.19,0.5612,-1,-1,-1
220,47,1339.48,548.62,48.44,139.18,0.7627,-1,-1,-1
220,41,138.37,575.84,38.34,95.18,0.4596,-1,-1,-1
220,37,1696.79,564.37,50.43,124.11,0.5392,-1,-1,-1
221,70,11.61,580.60,40.46,86.71,0.5348,-1,-1,-1
221,47,1342.87,547.57,47.52,142.14,0.7531,-1,-1,-1
221,41,133.18,573.81,39.86,97.34,0.4649,-1,-1,-1
221,37,1705.84,566.83,44.31,122.30,0.5218,-1,-1,-1
222,71,959.41,526.40,34.25,68.42,0.2960,-1,-1,-1
222,70,11.85,579.97,39.20,89.34,0.5541,-1,-1,-1
222,47,1346.66,545.40,44.48,139.16,0.7572,-1,-1,-1
222,41,130.26,573.40,40.23,99.20,0.4811,-1,-1,-1
222,37,1697.21,559.11,67.19,129.17,0.5033,-1,-1,-1
223,71,962.06,528.11,31.86,65.56,0.2554,-1,-1,-1
223,70,10.27,579.48,37.11,89.40,0.4608,-1,-1,-1
223,66,977.80,529.84,23.83,64.20,0.2529,-1,-1,-1
223,47,1347.11,546.80,47.12,139.59,0.7557,-1,-1,-1
223,41,129.32,574.17,39.19,97.86,0.5022,-1,-1,-1
223,37,1720.20,563.60,46.05,125.52,0.5336,-1,-1,-1
224,66,973.98,527.39,27.62,66.68,0.2841,-1,-1,-1
224,47,1348.87,543.63,47.57,141.55,0.7570,-1,-1,-1
224,41,129.27,578.10,41.03,96.30,0.4719,-1,-1,-1
224,37,1722.15,560.81,48.93,125.99,0.4782,-1,-1,-1
225,66,971.09,525.47,30.43,69.87,0.3207,-1,-1,-1
225,47,1350.91,545.89,48.53,137.78,0.7485,-1,-1,-1
225,41,127.68,577.72,40.28,97.15,0.4994,-1,-1,-1
225,37,1729.35,553.73,55.92,130.66,0.5429,-1,-1,-1
226,70,0.56,599.10,34.09,80.87,0.3552,-1,-1,-1
226,66,969.77,524.56,32.13,72.91,0.3451,-1,-1,-1
226,47,1352.55,547.48,47.91,136.71,0.7008,-1,-1,-1
226,41,126.38,586.76,42.65,92.72,0.4238,-1,-1,-1
226,37,1730.69,558.04,60.36,125.36,0.5111,-1,-1,-1
227,71,974.44,524.44,27.47,72.91,0.2981,-1,-1,-1
227,70,0.60,594.74,31.90,84.52,0.3347,-1,-1,-1
227,47,1354.35,547.18,49.35,139.98,0.7483,-1,-1,-1
227,41,120.81,584.65,40.22,96.27,0.3098,-1,-1,-1
227,37,1746.42,558.88,48.62,126.10,0.5236,-1,-1,-1
228,70,0.22,589.13,31.60,92.05,0.3095,-1,-1,-1
228,47,1356.65,549.10,48.15,142.48,0.7463,-1,-1,-1
228,41,118.27,586.43,37.51,96.27,0.3373,-1,-1,-1
228,37,1751.60,553.18,54.26,129.83,0.5434,-1,-1,-1
229,47,1358.43,547.94,48.32,140.85,0.7454,-1,-1,-1
229,41,117.22,586.16,36.40,96.52,0.4067,-1,-1,-1
229,37,1751.68,558.61,61.18,127.57,0.5028,-1,-1,-1
230,63,41.93,501.51,46.17,132.89,0.2847,-1,-1,-1
230,47,1362.51,549.84,48.32,140.23,0.7491,-1,-1,-1
230,41,117.34,586.69,33.71,97.55,0.3009,-1,-1,-1
230,37,1766.25,555.44,52.90,127.01,0.5397,-1,-1,-1
231,47,1363.22,552.64,49.94,137.51,0.7345,-1,-1,-1
231,41,116.31,588.21,35.88,97.19,0.3338,-1,-1,-1
231,37,1775.68,553.06,56.31,131.62,0.5590,-1,-1,-1
232,70,0.08,603.53,23.67,78.19,0.2920,-1,-1,-1
232,66,973.95,529.75,30.60,67.00,0.2547,-1,-1,-1
232,63,38.45,498.31,47.19,138.12,0.2781,-1,-1,-1
232,47,1366.76,552.97,48.02,138.39,0.7349,-1,-1,-1
232,41,112.44,590.44,38.67,95.83,0.2763,-1,-1,-1
232,37,1776.41,553.88,64.83,131.65,0.5180,-1,-1,-1
233,63,33.78,497.85,53.47,138.35,0.5094,-1,-1,-1
233,47,1368.21,551.02,48.92,141.93,0.7661,-1,-1,-1
233,37,1792.01,558.43,56.85,127.44,0.5370,-1,-1,-1
234,63,32.23,494.80,51.13,143.56,0.3347,-1,-1,-1
234,47,1370.67,553.60,48.38,137.48,0.7041,-1,-1,-1
234,41,108.52,590.29,40.10,96.93,0.3436,-1,-1,-1
234,37,1791.48,560.39,66.51,128.87,0.4532,-1,-1,-1
235,63,29.59,489.28,52.18,146.37,0.2843,-1,-1,-1
235,47,1374.98,554.14,48.79,136.05,0.6636,-1,-1,-1
235,41,107.25,585.91,36.94,99.99,0.2830,-1,-1,-1
235,37,1810.34,559.38,55.88,128.85,0.4599,-1,-1,-1
236,63,27.24,487.87,51.28,149.55,0.3498,-1,-1,-1
236,47,1377.66,552.37,52.47,136.74,0.7028,-1,-1,-1
236,41,105.79,585.69,38.13,101.47,0.2908,-1,-1,-1
236,37,1825.79,551.21,55.16,124.56,0.5267,-1,-1,-1
237,47,1379.82,551.35,54.96,137.45,0.6999,-1,-1,-1
237,41,105.23,581.76,39.24,104.37,0.3074,-1,-1,-1
237,37,1835.47,547.62,57.66,126.66,0.5034,-1,-1,-1
238,47,1384.45,553.25,49.92,136.53,0.7134,-1,-1,-1
238,41,105.24,582.33,41.98,104.40,0.3777,-1,-1,-1
238,37,1845.75,545.71,57.89,139.03,0.5070,-1,-1,-1
239,76,1258.63,569.12,44.88,125.67,0.2856,-1,-1,-1
239,47,1386.15,553.50,51.03,137.45,0.6842,-1,-1,-1
239,41,105.06,578.19,45.40,105.49,0.3826,-1,-1,-1
239,37,1847.38,544.70,65.48,142.01,0.4651,-1,-1,-1
240,47,1390.69,549.06,49.75,143.43,0.7217,-1,-1,-1
240,41,104.01,577.79,44.82,105.81,0.3988,-1,-1,-1
240,37,1865.27,543.17,54.12,131.16,0.4512,-1,-1,-1
241,47,1396.41,547.11,48.06,146.14,0.7552,-1,-1,-1
241,41,103.42,575.95,42.60,108.15,0.4285,-1,-1,-1
241,37,1870.09,547.44,49.26,137.32,0.4767,-1,-1,-1
242,76,1278.62,574.32,44.67,126.13,0.2814,-1,-1,-1
242,47,1401.08,548.13,48.70,146.19,0.6746,-1,-1,-1
242,41,104.62,578.78,43.52,106.00,0.4135,-1,-1,-1
243,47,1405.22,551.37,47.68,141.75,0.6901,-1,-1,-1
243,41,104.51,576.16,46.38,108.80,0.4093,-1,-1,-1
244,76,1293.52,578.52,44.13,126.63,0.2993,-1,-1,-1
244,47,1410.48,555.65,48.13,137.88,0.7140,-1,-1,-1
244,41,103.92,576.68,43.33,107.77,0.3628,-1,-1,-1
245,76,1301.46,585.73,44.89,124.02,0.2724,-1,-1,-1
245,47,1417.34,556.05,45.99,138.86,0.7655,-1,-1,-1
245,41,105.47,577.68,43.23,109.38,0.3807,-1,-1,-1
246,76,1311.19,585.11,45.88,126.45,0.4905,-1,-1,-1
246,47,1422.88,554.00,46.73,141.70,0.7619,-1,-1,-1
246,41,105.11,577.20,40.71,109.87,0.3632,-1,-1,-1
247,76,1318.18,581.41,45.91,135.38,0.4750,-1,-1,-1
247,47,1427.48,555.98,47.06,141.21,0.7415,-1,-1,-1
247,41,104.53,580.33,41.51,109.65,0.4197,-1,-1,-1
248,76,1328.37,583.44,47.65,131.23,0.3796,-1,-1,-1
248,63,24.99,486.44,46.87,154.17,0.3225,-1,-1,-1
248,47,1434.34,556.47,47.35,141.85,0.7561,-1,-1,-1
248,41,105.17,582.15,40.00,108.15,0.3854,-1,-1,-1
249,76,1334.16,581.55,48.99,132.88,0.3824,-1,-1,-1
249,47,1440.37,553.59,46.48,146.48,0.7948,-1,-1,-1
249,41,105.34,584.65,43.29,109.15,0.4063,-1,-1,-1
250,76,1339.64,581.07,47.30,130.68,0.3014,-1,-1,-1
250,47,1446.91,547.10,48.02,150.61,0.7218,-1,-1,-1
250,41,105.93,586.22,43.91,107.84,0.4542,-1,-1,-1
251,76,1354.68,582.43,46.12,130.48,0.2779,-1,-1,-1
251,47,1455.67,543.19,42.77,158.85,0.7527,-1,-1,-1
251,41,106.89,587.26,42.05,108.26,0.3931,-1,-1,-1
252,47,1460.93,549.25,45.34,149.65,0.7404,-1,-1,-1
252,41,111.26,588.83,35.91,103.25,0.3095,-1,-1,-1
253,47,1468.58,539.60,45.16,158.34,0.7455,-1,-1,-1
253,41,116.89,591.36,39.00,105.41,0.4483,-1,-1,-1
254,47,1472.73,538.75,46.82,158.45,0.7033,-1,-1,-1
254,41,119.17,591.24,38.75,106.06,0.4651,-1,-1,-1
255,63,27.85,510.31,51.44,141.94,0.3140,-1,-1,-1
255,47,1481.15,535.01,44.45,155.82,0.7114,-1,-1,-1
255,41,119.17,593.52,41.54,108.73,0.3868,-1,-1,-1
256,47,1489.01,539.61,47.04,155.42,0.7257,-1,-1,-1
256,41,123.76,593.00,41.15,112.22,0.4109,-1,-1,-1
257,70,0.11,609.35,23.59,95.50,0.3366,-1,-1,-1
257,47,1498.12,538.53,44.47,152.41,0.7083,-1,-1,-1
257,41,128.97,595.64,47.34,109.25,0.3283,-1,-1,-1
258,70,0.09,609.66,23.14,95.66,0.4494,-1,-1,-1
258,63,35.35,504.25,53.45,155.19,0.3020,-1,-1,-1
258,47,1506.05,546.93,46.24,149.45,0.6423,-1,-1,-1
258,41,131.55,596.44,44.86,109.44,0.3460,-1,-1,-1
259,70,0.12,610.35,26.48,94.88,0.4729,-1,-1,-1
259,63,38.40,508.22,52.72,147.08,0.4241,-1,-1,-1
259,47,1511.97,552.74,51.32,143.16,0.5939,-1,-1,-1
259,41,131.55,594.42,42.76,111.57,0.3772,-1,-1,-1
260,70,0.15,611.97,30.05,94.23,0.4129,-1,-1,-1
260,66,985.26,508.73,28.56,81.70,0.2606,-1,-1,-1
260,47,1509.38,551.18,66.57,147.69,0.6694,-1,-1,-1
260,41,131.72,600.26,41.90,108.27,0.3197,-1,-1,-1
261,79,971.24,509.58,33.51,86.91,0.3755,-1,-1,-1
261,70,0.09,611.76,31.37,96.90,0.5006,-1,-1,-1
261,66,986.15,508.10,29.00,88.29,0.3543,-1,-1,-1
261,47,1520.25,554.76,65.87,144.64,0.5765,-1,-1,-1
261,41,135.95,601.73,42.00,107.24,0.3941,-1,-1,-1
262,79,978.82,510.35,26.22,85.35,0.3380,-1,-1,-1
262,70,0.00,610.38,28.79,97.29,0.4984,-1,-1,-1
262,47,1519.28,565.76,78.34,131.59,0.4398,-1,-1,-1
262,41,140.87,600.86,35.59,107.96,0.4578,-1,-1,-1
263,79,981.27,518.06,29.34,80.16,0.3426,-1,-1,-1
263,70,0.13,612.76,33.02,94.46,0.4663,-1,-1,-1
263,41,141.88,602.33,39.79,106.16,0.3133,-1,-1,-1
264,79,984.51,520.06,27.05,77.45,0.3074,-1,-1,-1
264,70,0.00,611.84,33.33,96.80,0.5156,-1,-1,-1
264,63,51.28,515.21,47.85,142.26,0.3370,-1,-1,-1
264,47,1537.03,568.33,84.37,137.50,0.2789,-1,-1,-1
264,41,144.57,600.74,42.32,107.94,0.2673,-1,-1,-1
265,80,1010.09,507.49,26.19,89.94,0.2911,-1,-1,-1
265,79,989.60,512.55,30.15,85.26,0.4172,-1,-1,-1
265,70,0.08,615.19,33.50,92.27,0.4631,-1,-1,-1
265,41,147.47,599.48,45.77,110.10,0.3717,-1,-1,-1
266,80,1012.93,509.49,24.12,87.57,0.3396,-1,-1,-1
266,79,996.50,512.64,29.17,85.02,0.4399,-1,-1,-1
266,70,0.11,613.37,38.77,94.26,0.4623,-1,-1,-1
266,47,1575.78,575.04,63.24,136.33,0.4049,-1,-1,-1
266,41,148.89,600.53,44.02,109.09,0.2731,-1,-1,-1
267,80,1014.38,511.83,26.93,86.14,0.2541,-1,-1,-1
267,79,1003.24,518.31,26.44,79.12,0.3558,-1,-1,-1
267,70,0.15,613.04,42.35,95.03,0.4943,-1,-1,-1
267,41,151.11,599.38,44.26,112.23,0.4010,-1,-1,-1
268,81,1049.01,511.17,37.53,99.20,0.4425,-1,-1,-1
268,79,1007.76,516.86,29.02,82.63,0.3297,-1,-1,-1
268,70,3.19,611.75,42.11,100.03,0.4669,-1,-1,-1
269,81,1057.83,506.46,41.79,99.87,0.4786,-1,-1,-1
269,80,1023.81,511.07,25.14,91.47,0.3662,-1,-1,-1
269,79,1010.54,517.28,32.33,81.74,0.2961,-1,-1,-1
269,70,4.53,610.17,44.83,100.27,0.4942,-1,-1,-1
269,41,154.01,598.63,43.74,113.43,0.3899,-1,-1,-1
270,82,1039.03,506.52,20.22,91.37,0.2781,-1,-1,-1
270,81,1064.48,504.92,37.60,95.48,0.4245,-1,-1,-1
270,80,1022.58,509.32,27.48,87.63,0.3831,-1,-1,-1
270,70,7.25,609.07,46.30,98.45,0.4642,-1,-1,-1
270,47,1568.34,592.58,51.35,185.15,0.5122,-1,-1,-1
270,41,157.21,594.46,42.61,114.15,0.3389,-1,-1,-1
271,81,1068.69,506.25,37.31,96.99,0.4254,-1,-1,-1
271,80,1025.24,511.09,28.13,85.92,0.3106,-1,-1,-1
271,70,13.03,610.03,41.80,95.88,0.5401,-1,-1,-1
271,47,1585.16,592.22,54.01,187.71,0.4663,-1,-1,-1
271,41,162.50,595.33,41.86,111.34,0.4304,-1,-1,-1
272,81,1074.22,509.43,36.15,97.76,0.3737,-1,-1,-1
272,79,1032.17,516.67,26.76,77.99,0.3015,-1,-1,-1
272,70,12.72,604.25,43.26,100.61,0.5138,-1,-1,-1
272,41,164.52,593.47,41.80,112.19,0.2739,-1,-1,-1
273,81,1078.89,507.48,44.33,100.22,0.3637,-1,-1,-1
273,70,14.51,606.25,44.63,100.47,0.5929,-1,-1,-1
273,41,168.09,591.03,47.79,115.97,0.3818,-1,-1,-1
274,83,1063.80,506.22,23.00,91.10,0.3772,-1,-1,-1
274,81,1089.13,506.63,40.14,94.10,0.4813,-1,-1,-1
274,80,1037.48,504.90,31.88,90.29,0.2851,-1,-1,-1
274,79,1055.70,505.92,22.47,91.20,0.3397,-1,-1,-1
274,70,14.47,600.18,43.24,103.14,0.4455,-1,-1,-1
275,84,1638.65,580.79,85.44,225.59,0.4295,-1,-1,-1
275,81,1094.50,507.35,35.21,96.59,0.3927,-1,-1,-1
275,79,1048.90,511.30,29.83,86.25,0.3625,-1,-1,-1
275,70,16.07,597.04,47.72,107.81,0.6144,-1,-1,-1
275,41,173.92,591.52,44.49,115.94,0.2951,-1,-1,-1
276,84,1656.01,581.02,75.68,234.95,0.6511,-1,-1,-1
276,81,1100.16,506.40,34.53,97.09,0.3072,-1,-1,-1
276,80,1054.76,511.48,29.77,86.99,0.2828,-1,-1,-1
276,70,18.31,600.86,47.38,104.13,0.6279,-1,-1,-1
276,41,174.91,590.14,45.36,116.91,0.4254,-1,-1,-1
277,84,1669.63,593.42,79.01,225.93,0.5055,-1,-1,-1
277,81,1101.44,502.70,39.33,99.97,0.3152,-1,-1,-1
277,80,1056.83,503.64,34.40,93.20,0.3837,-1,-1,-1
277,70,20.28,598.65,47.12,107.29,0.6056,-1,-1,-1
277,41,177.29,590.39,44.09,117.39,0.3450,-1,-1,-1
278,88,1175.07,515.53,29.55,96.89,0.3973,-1,-1,-1
278,84,1682.28,597.86,83.82,226.98,0.4514,-1,-1,-1
278,81,1110.04,506.87,42.23,95.71,0.3398,-1,-1,-1
278,80,1061.94,506.12,30.85,91.21,0.3818,-1,-1,-1
278,79,1075.25,505.80,25.03,93.94,0.3923,-1,-1,-1
278,70,21.48,597.96,47.52,109.35,0.5956,-1,-1,-1
278,41,176.15,590.91,46.92,118.87,0.3741,-1,-1,-1
279,85,1147.67,523.55,21.19,78.53,0.3454,-1,-1,-1
279,84,1694.60,594.89,88.32,235.10,0.5978,-1,-1,-1
279,81,1117.39,522.34,33.62,79.54,0.3125,-1,-1,-1
279,80,1070.93,510.40,31.26,89.38,0.4359,-1,-1,-1
279,70,24.34,598.58,48.16,109.65,0.6058,-1,-1,-1
279,41,178.88,591.67,46.54,118.47,0.4374,-1,-1,-1
280,85,1151.98,525.35,22.53,77.52,0.3167,-1,-1,-1
280,84,1721.58,602.77,82.17,237.07,0.2899,-1,-1,-1
280,80,1074.69,507.64,31.14,88.45,0.2941,-1,-1,-1
280,70,25.71,600.13,48.34,111.75,0.6286,-1,-1,-1
280,41,181.55,600.66,44.35,111.35,0.4650,-1,-1,-1
281,90,1722.54,550.71,67.28,185.81,0.3070,-1,-1,-1
281,84,1722.35,609.55,107.02,233.73,0.5484,-1,-1,-1
281,81,1123.97,504.84,39.95,98.83,0.3443,-1,-1,-1
281,70,25.47,602.02,50.72,112.57,0.6286,-1,-1,-1
281,41,185.29,599.24,44.96,115.47,0.4178,-1,-1,-1
282,93,1235.26,547.73,41.45,114.92,0.3403,-1,-1,-1
282,92,1198.07,517.51,32.61,93.93,0.3289,-1,-1,-1
282,91,1742.07,552.70,44.32,94.09,0.3115,-1,-1,-1
282,90,1725.69,548.45,68.46,184.38,0.2769,-1,-1,-1
282,84,1732.16,610.77,119.66,236.53,0.6271,-1,-1,-1
282,81,1122.83,508.20,44.06,95.91,0.2781,-1,-1,-1
282,70,28.55,605.23,48.76,110.03,0.6182,-1,-1,-1
282,41,187.04,598.00,48.37,117.42,0.4728,-1,-1,-1
283,93,1243.06,543.35,42.15,118.14,0.2882,-1,-1,-1
283,90,1748.83,549.79,53.05,178.58,0.4922,-1,-1,-1
283,88,1168.84,522.66,26.22,81.11,0.2694,-1,-1,-1
283,84,1784.13,607.85,90.80,242.41,0.6215,-1,-1,-1
283,70,30.97,610.42,47.76,107.58,0.6025,-1,-1,-1
283,41,188.64,599.62,52.16,118.19,0.4684,-1,-1,-1
284,94,1293.53,534.14,43.10,122.38,0.3889,-1,-1,-1
284,93,1248.81,542.87,45.84,120.25,0.2774,-1,-1,-1
284,90,1753.02,549.99,58.15,183.88,0.6228,-1,-1,-1
284,84,1800.41,608.97,100.17,245.37,0.7479,-1,-1,-1
284,81,1147.12,508.17,33.85,93.64,0.2770,-1,-1,-1
284,70,32.93,610.19,47.76,109.78,0.6394,-1,-1,-1
284,63,92.77,493.72,63.58,167.90,0.2543,-1,-1,-1
284,41,192.17,601.47,48.06,117.83,0.3813,-1,-1,-1
285,94,1299.44,537.34,49.41,117.22,0.4237,-1,-1,-1
285,93,1254.81,536.46,44.25,122.80,0.3722,-1,-1,-1
285,90,1766.57,550.37,60.42,182.85,0.6448,-1,-1,-1
285,84,1826.35,612.54,91.01,246.23,0.8108,-1,-1,-1
285,70,35.55,612.01,46.57,110.11,0.6388,-1,-1,-1
285,41,194.65,600.88,51.43,120.26,0.4395,-1,-1,-1
286,94,1312.78,535.51,42.14,118.25,0.3429,-1,-1,-1
286,90,1778.80,546.29,62.23,189.92,0.7142,-1,-1,-1
286,84,1844.27,610.26,75.11,252.46,0.7455,-1,-1,-1
286,70,35.64,612.79,47.86,111.97,0.6464,-1,-1,-1
286,41,196.81,601.13,52.04,121.85,0.4208,-1,-1,-1
287,94,1328.20,534.43,36.15,122.33,0.2519,-1,-1,-1
287,90,1796.75,548.53,61.28,191.26,0.7020,-1,-1,-1
287,84,1865.50,615.79,53.69,251.06,0.7013,-1,-1,-1
287,70,37.13,613.46,49.56,112.50,0.6323,-1,-1,-1
287,41,199.40,606.74,51.33,119.81,0.4334,-1,-1,-1
288,94,1333.14,531.94,36.55,122.89,0.3047,-1,-1,-1
288,92,1199.85,521.30,30.82,78.55,0.2729,-1,-1,-1
288,90,1804.77,547.85,69.96,194.78,0.6716,-1,-1,-1
288,84,1888.21,653.28,30.97,213.66,0.5868,-1,-1,-1
288,81,1169.50,501.10,36.26,96.83,0.2501,-1,-1,-1
288,70,38.31,614.68,51.39,111.93,0.6126,-1,-1,-1
288,41,200.50,604.97,45.40,122.60,0.4925,-1,-1,-1
289,94,1329.06,531.18,44.44,121.64,0.2570,-1,-1,-1
289,90,1820.55,543.83,65.44,197.95,0.7279,-1,-1,-1
289,70,39.15,614.51,51.02,114.11,0.5697,-1,-1,-1
289,41,201.71,607.38,40.53,119.73,0.3893,-1,-1,-1
290,94,1320.52,536.91,51.36,125.83,0.2799,-1,-1,-1
290,92,1210.15,524.12,34.85,75.41,0.2655,-1,-1,-1
290,90,1833.71,543.89,73.10,198.99,0.7608,-1,-1,-1
290,70,41.47,612.13,52.55,116.57,0.6098,-1,-1,-1
290,41,203.71,605.18,47.25,123.46,0.4323,-1,-1,-1
291,94,1356.97,534.54,28.96,114.70,0.3192,-1,-1,-1
291,92,1211.97,522.96,40.27,78.12,0.3751,-1,-1,-1
291,90,1849.54,537.53,60.10,204.56,0.7573,-1,-1,-1
291,70,44.12,613.49,54.70,118.84,0.6152,-1,-1,-1
291,41,210.86,608.26,51.01,120.49,0.2535,-1,-1,-1
292,94,1361.94,536.35,34.87,119.53,0.3813,-1,-1,-1
292,92,1208.53,519.14,48.26,80.62,0.3507,-1,-1,-1
292,90,1861.22,541.51,58.12,204.91,0.7129,-1,-1,-1
292,70,44.98,612.13,53.91,122.13,0.6634,-1,-1,-1
292,41,210.91,608.45,55.53,123.90,0.3703,-1,-1,-1
293,94,1365.66,541.78,33.86,115.25,0.2795,-1,-1,-1
293,90,1877.54,540.49,41.84,207.94,0.6244,-1,-1,-1
293,70,47.34,615.46,53.21,122.84,0.6508,-1,-1,-1
293,41,216.80,611.89,49.57,123.46,0.4317,-1,-1,-1
294,94,1366.90,540.71,42.00,117.66,0.2840,-1,-1,-1
294,70,47.84,619.77,53.84,119.69,0.6003,-1,-1,-1
294,41,216.75,611.44,49.32,124.06,0.4650,-1,-1,-1
295,94,1377.03,539.80,35.02,120.75,0.3107,-1,-1,-1
295,70,47.32,620.86,56.41,118.56,0.6144,-1,-1,-1
295,41,214.09,614.43,42.65,122.39,0.4390,-1,-1,-1
296,94,1378.63,549.67,39.36,115.13,0.4555,-1,-1,-1
296,93,1315.67,560.88,43.52,118.00,0.3088,-1,-1,-1
296,70,48.32,620.81,57.58,118.61,0.5635,-1,-1,-1
296,41,214.68,613.57,46.88,125.02,0.4413,-1,-1,-1
297,95,1347.00,540.24,39.10,130.87,0.3569,-1,-1,-1
297,94,1381.46,556.69,40.20,107.39,0.4537,-1,-1,-1
297,70,48.80,621.50,57.73,120.32,0.6090,-1,-1,-1
297,41,223.23,615.07,44.85,124.18,0.3719,-1,-1,-1
298,95,1350.72,532.88,44.13,139.02,0.4125,-1,-1,-1
298,94,1388.93,544.31,42.39,121.12,0.4214,-1,-1,-1
298,70,49.01,621.44,57.14,120.03,0.6082,-1,-1,-1
298,41,224.82,611.45,47.28,127.48,0.4184,-1,-1,-1
299,95,1352.64,532.82,52.14,149.57,0.3324,-1,-1,-1
299,94,1396.82,565.25,41.97,106.48,0.3227,-1,-1,-1
299,70,49.45,622.79,56.94,118.92,0.6155,-1,-1,-1
299,41,226.81,615.98,45.57,123.51,0.4652,-1,-1,-1
300,97,1271.35,526.49,27.04,84.79,0.3020,-1,-1,-1
300,95,1352.61,533.47,44.71,99.10,0.3096,-1,-1,-1
300,94,1398.62,552.05,51.47,123.32,0.3037,-1,-1,-1
300,93,1317.43,526.34,32.77,95.97,0.3737,-1,-1,-1
300,70,49.60,619.85,58.05,123.94,0.5867,-1,-1,-1
300,41,228.73,614.74,49.22,125.90,0.4987,-1,-1,-1
301,95,1358.76,529.87,42.89,94.34,0.4175,-1,-1,-1
301,94,1405.61,571.67,49.08,118.74,0.2949,-1,-1,-1
301,93,1319.46,528.29,35.29,92.58,0.3329,-1,-1,-1
301,70,48.91,624.46,55.45,122.50,0.5044,-1,-1,-1
301,41,228.00,616.64,50.64,126.47,0.4830,-1,-1,-1
302,100,1288.55,527.82,34.45,87.95,0.3695,-1,-1,-1
302,95,1361.30,533.58,37.03,89.07,0.2653,-1,-1,-1
302,70,48.52,623.00,57.80,124.13,0.4920,-1,-1,-1
302,41,227.59,614.13,50.23,129.75,0.4957,-1,-1,-1
303,100,1291.69,524.88,35.43,95.25,0.3426,-1,-1,-1
303,98,1311.59,524.41,36.75,98.14,0.2594,-1,-1,-1
303,95,1373.71,537.81,42.67,89.06,0.2815,-1,-1,-1
303,70,45.97,628.25,55.69,123.82,0.4652,-1,-1,-1
303,41,227.35,622.35,50.43,126.92,0.4471,-1,-1,-1
304,98,1307.10,528.34,41.48,100.73,0.2719,-1,-1,-1
304,95,1379.23,543.57,32.54,83.32,0.2596,-1,-1,-1
304,70,46.79,627.71,55.49,123.33,0.4480,-1,-1,-1
304,41,227.94,622.26,49.98,126.68,0.5148,-1,-1,-1
305,98,1306.74,532.89,36.92,95.06,0.3244,-1,-1,-1
305,79,1230.77,511.38,26.92,54.70,0.2641,-1,-1,-1
305,70,49.30,636.27,58.54,117.42,0.4621,-1,-1,-1
305,41,227.20,628.51,50.96,125.02,0.4841,-1,-1,-1
306,93,1339.02,533.54,32.68,101.14,0.3669,-1,-1,-1
306,79,1238.97,517.91,28.07,51.69,0.2726,-1,-1,-1
306,70,47.68,636.26,57.48,117.10,0.4345,-1,-1,-1
306,41,229.90,627.44,49.87,126.55,0.4850,-1,-1,-1
307,93,1339.27,528.84,42.78,107.52,0.4425,-1,-1,-1
307,79,1241.37,516.25,30.60,53.50,0.2591,-1,-1,-1
307,70,45.41,635.04,59.74,122.07,0.4808,-1,-1,-1
307,41,228.57,627.19,50.15,128.70,0.4913,-1,-1,-1
308,95,1388.70,553.14,25.58,81.40,0.3123,-1,-1,-1
308,93,1343.71,527.83,39.87,110.09,0.3948,-1,-1,-1
308,79,1245.77,517.96,32.46,54.45,0.2763,-1,-1,-1
308,70,44.55,637.02,61.52,127.52,0.5546,-1,-1,-1
308,41,227.42,629.12,47.39,131.73,0.4620,-1,-1,-1
309,103,1428.91,556.75,29.75,77.50,0.2907,-1,-1,-1
309,93,1355.36,532.22,36.95,107.55,0.2693,-1,-1,-1
309,70,43.86,636.51,60.85,126.76,0.6164,-1,-1,-1
309,41,226.06,627.16,47.30,133.48,0.4384,-1,-1,-1
310,70,42.80,638.45,61.15,126.53,0.5955,-1,-1,-1
310,41,225.28,630.46,49.80,132.80,0.4357,-1,-1,-1
311,103,1439.60,554.83,31.39,83.77,0.2664,-1,-1,-1
311,93,1361.86,528.36,41.91,117.08,0.3285,-1,-1,-1
311,79,1260.29,519.00,28.48,44.95,0.2524,-1,-1,-1
311,70,40.89,641.75,63.43,126.64,0.6292,-1,-1,-1
311,41,229.38,631.96,54.02,132.60,0.3678,-1,-1,-1
312,70,39.96,641.08,61.90,126.29,0.5799,-1,-1,-1
312,41,226.14,630.27,52.56,133.59,0.3833,-1,-1,-1
313,70,38.87,643.26,63.86,129.52,0.6416,-1,-1,-1
313,41,228.86,636.51,56.10,132.75,0.3625,-1,-1,-1
314,103,1457.71,557.91,25.77,91.28,0.2985,-1,-1,-1
314,70,37.64,645.28,60.79,128.53,0.5439,-1,-1,-1
314,41,227.77,638.48,50.54,134.69,0.3736,-1,-1,-1
315,103,1462.88,555.73,32.61,97.09,0.2511,-1,-1,-1
315,94,1388.75,590.38,47.18,139.50,0.3408,-1,-1,-1
315,84,1882.18,717.43,37.25,178.35,0.4059,-1,-1,-1
315,70,36.99,644.68,59.74,128.97,0.5438,-1,-1,-1
315,41,227.83,636.76,50.70,136.85,0.4023,-1,-1,-1
316,94,1391.93,573.49,48.41,153.88,0.4471,-1,-1,-1
316,70,34.58,645.19,57.62,130.11,0.4176,-1,-1,-1
316,41,226.23,637.27,50.21,137.01,0.3843,-1,-1,-1
317,94,1394.72,546.09,57.67,192.57,0.4398,-1,-1,-1
317,70,35.01,645.93,55.44,130.96,0.3997,-1,-1,-1
317,41,226.41,638.31,50.73,136.87,0.4154,-1,-1,-1
318,94,1397.58,559.44,60.91,181.40,0.4633,-1,-1,-1
318,70,34.12,647.31,56.06,131.42,0.4660,-1,-1,-1
318,41,226.18,640.28,47.39,135.49,0.3959,-1,-1,-1
319,94,1399.65,588.00,57.20,154.79,0.4030,-1,-1,-1
319,70,33.16,648.83,54.79,131.26,0.4419,-1,-1,-1
319,41,227.02,641.62,52.02,135.80,0.3736,-1,-1,-1
320,106,1525.40,591.19,47.95,132.15,0.4288,-1,-1,-1
320,94,1402.85,591.99,56.50,152.49,0.2552,-1,-1,-1
320,70,28.85,647.48,58.83,134.25,0.4502,-1,-1,-1
320,41,225.61,640.61,52.59,138.93,0.4202,-1,-1,-1
321,107,1507.77,600.29,37.32,122.41,0.3735,-1,-1,-1
321,106,1531.78,596.00,47.48,127.65,0.4018,-1,-1,-1
321,94,1403.02,600.29,59.41,144.43,0.3550,-1,-1,-1
321,70,26.12,648.43,60.83,135.91,0.5092,-1,-1,-1
321,41,224.53,639.25,53.65,140.97,0.4290,-1,-1,-1
322,106,1534.42,587.00,58.11,140.02,0.5018,-1,-1,-1
322,94,1404.35,607.39,62.99,139.67,0.3369,-1,-1,-1
322,70,24.09,648.74,60.44,136.30,0.4720,-1,-1,-1
322,41,223.85,637.87,53.81,142.86,0.4616,-1,-1,-1
323,106,1540.52,583.90,57.38,143.19,0.5776,-1,-1,-1
323,94,1404.80,590.03,68.41,158.73,0.4150,-1,-1,-1
323,70,20.46,647.87,61.65,138.09,0.5179,-1,-1,-1
323,41,222.78,635.41,54.81,146.17,0.3646,-1,-1,-1
324,106,1543.13,591.85,56.61,135.07,0.5380,-1,-1,-1
324,101,212.60,634.30,46.98,144.37,0.3555,-1,-1,-1
324,70,16.76,646.24,61.44,138.10,0.5101,-1,-1,-1
324,41,229.68,631.77,50.10,145.18,0.2590,-1,-1,-1
325,108,1768.88,544.39,32.65,98.23,0.2780,-1,-1,-1
325,106,1548.66,610.08,51.54,121.36,0.4965,-1,-1,-1
325,94,1415.75,594.59,65.34,154.29,0.5530,-1,-1,-1
325,70,14.68,648.13,62.32,136.16,0.5181,-1,-1,-1
325,41,220.82,634.42,56.15,147.05,0.3881,-1,-1,-1
326,108,1774.64,541.22,42.10,104.91,0.4694,-1,-1,-1
326,106,1551.73,591.90,50.18,140.79,0.4850,-1,-1,-1
326,94,1415.81,599.30,63.19,150.15,0.5391,-1,-1,-1
326,70,11.09,647.06,60.93,137.12,0.5601,-1,-1,-1
326,41,220.63,635.43,53.98,146.26,0.4113,-1,-1,-1
327,108,1780.52,538.84,39.77,113.47,0.4470,-1,-1,-1
327,106,1555.71,602.62,52.91,130.89,0.4788,-1,-1,-1
327,94,1418.15,599.37,62.31,150.49,0.6185,-1,-1,-1
327,70,8.32,647.11,61.26,137.12,0.6158,-1,-1,-1
327,41,213.26,638.46,57.74,143.01,0.4917,-1,-1,-1
328,108,1786.28,541.29,40.05,119.21,0.5422,-1,-1,-1
328,106,1559.22,589.98,53.36,144.82,0.3883,-1,-1,-1
328,94,1419.01,594.46,65.05,156.64,0.6021,-1,-1,-1
328,70,6.32,653.78,60.63,132.81,0.6030,-1,-1,-1
328,41,207.68,637.92,62.58,147.97,0.4099,-1,-1,-1
329,106,1562.88,585.19,53.55,152.71,0.4984,-1,-1,-1
329,94,1418.97,597.85,63.83,151.96,0.5802,-1,-1,-1
329,70,10.33,648.87,51.11,135.77,0.4845,-1,-1,-1
329,41,201.08,631.28,47.67,150.73,0.3333,-1,-1,-1
330,108,1797.89,541.24,44.78,121.74,0.4914,-1,-1,-1
330,106,1562.95,586.78,59.10,158.11,0.4764,-1,-1,-1
330,94,1423.81,596.39,58.64,154.96,0.5070,-1,-1,-1
330,70,5.40,652.51,51.08,130.98,0.5153,-1,-1,-1
330,41,201.15,631.94,49.60,150.83,0.3513,-1,-1,-1
331,108,1801.52,534.75,50.50,127.13,0.5363,-1,-1,-1
331,106,1550.66,554.40,73.86,188.54,0.3547,-1,-1,-1
331,94,1429.64,596.82,55.82,154.52,0.6447,-1,-1,-1
331,70,4.12,651.48,50.80,132.97,0.5149,-1,-1,-1
331,41,197.24,632.13,49.45,153.08,0.3487,-1,-1,-1
332,108,1805.31,533.75,48.01,126.71,0.3528,-1,-1,-1
332,107,1573.07,596.26,55.79,138.24,0.4262,-1,-1,-1
332,106,1547.27,548.75,81.22,198.06,0.2677,-1,-1,-1
332,100,1364.12,571.63,73.35,159.25,0.2650,-1,-1,-1
332,94,1431.40,601.64,56.38,149.37,0.6267,-1,-1,-1
332,70,2.01,645.54,45.77,133.23,0.5161,-1,-1,-1
332,41,192.56,628.69,50.68,151.57,0.3297,-1,-1,-1
333,109,1350.20,571.17,86.98,159.77,0.3301,-1,-1,-1
333,108,1813.13,526.88,47.97,129.62,0.4402,-1,-1,-1
333,106,1573.11,572.47,56.24,167.69,0.3443,-1,-1,-1
333,94,1429.34,595.66,62.68,157.16,0.5239,-1,-1,-1
333,70,0.03,645.52,43.52,133.69,0.5680,-1,-1,-1
333,41,187.75,627.40,65.74,153.71,0.3902,-1,-1,-1
334,108,1820.66,523.96,48.98,129.43,0.5161,-1,-1,-1
334,107,1581.49,585.34,54.92,151.47,0.4692,-1,-1,-1
334,101,189.08,626.14,65.83,155.96,0.3376,-1,-1,-1
334,94,1420.93,594.11,71.18,159.21,0.5211,-1,-1,-1
334,70,0.14,646.46,38.22,132.11,0.5768,-1,-1,-1
334,41,180.49,631.81,42.82,150.45,0.3490,-1,-1,-1
335,111,1334.67,500.49,41.83,87.02,0.2592,-1,-1,-1
335,108,1825.27,518.52,48.48,135.82,0.6376,-1,-1,-1
335,107,1583.85,590.44,58.18,143.79,0.3752,-1,-1,-1
335,94,1412.54,593.76,87.70,159.85,0.3427,-1,-1,-1
335,70,0.15,646.05,32.64,133.54,0.4921,-1,-1,-1
335,41,174.95,631.43,45.26,149.96,0.3750,-1,-1,-1
336,110,0.11,648.16,28.80,134.38,0.5375,-1,-1,-1
336,109,1347.78,562.88,88.68,165.07,0.4133,-1,-1,-1
336,108,1827.67,513.58,53.67,136.33,0.5639,-1,-1,-1
336,106,1575.50,536.54,62.65,211.68,0.3026,-1,-1,-1
336,94,1420.97,587.45,85.50,165.52,0.5722,-1,-1,-1
336,41,176.26,627.46,44.19,155.73,0.3996,-1,-1,-1
337,108,1837.54,518.44,48.82,137.16,0.4645,-1,-1,-1
337,106,1572.55,531.43,68.01,220.14,0.4365,-1,-1,-1
337,101,175.86,628.30,52.21,159.81,0.4052,-1,-1,-1
337,94,1428.86,592.55,79.50,168.01,0.6618,-1,-1,-1
337,70,0.14,645.91,23.43,136.84,0.4218,-1,-1,-1
338,108,1841.38,519.52,50.23,131.17,0.5996,-1,-1,-1
338,106,1572.71,532.19,69.33,216.73,0.3700,-1,-1,-1
338,101,173.31,634.34,56.17,158.62,0.4139,-1,-1,-1
338,94,1430.82,593.40,85.96,166.58,0.5655,-1,-1,-1
338,70,0.11,669.79,18.55,120.33,0.3363,-1,-1,-1
339,108,1846.82,518.94,48.64,132.64,0.5667,-1,-1,-1
339,106,1582.96,537.31,70.13,225.99,0.5213,-1,-1,-1
339,101,168.00,638.68,58.40,157.37,0.4986,-1,-1,-1
339,94,1426.67,599.01,95.39,167.22,0.7191,-1,-1,-1
340,108,1849.75,518.44,50.20,131.50,0.5756,-1,-1,-1
340,106,1575.26,537.87,81.09,228.77,0.5742,-1,-1,-1
340,101,169.83,640.74,54.18,156.00,0.4730,-1,-1,-1
340,94,1432.41,596.58,91.51,169.97,0.7526,-1,-1,-1
341,108,1851.81,520.90,51.07,131.52,0.2683,-1,-1,-1
341,106,1598.66,550.58,53.17,220.00,0.3670,-1,-1,-1
341,101,184.63,637.47,52.14,157.22,0.3833,-1,-1,-1
341,100,1365.87,572.50,66.90,168.42,0.3452,-1,-1,-1
341,94,1435.52,601.39,87.27,171.85,0.7355,-1,-1,-1
341,41,156.12,639.64,46.23,162.25,0.3651,-1,-1,-1
342,108,1863.12,522.29,44.43,133.79,0.2670,-1,-1,-1
342,106,1585.67,557.17,71.57,215.59,0.3157,-1,-1,-1
342,101,191.90,637.55,44.97,155.68,0.3150,-1,-1,-1
342,94,1422.86,602.48,93.45,176.62,0.6930,-1,-1,-1
342,41,158.14,643.87,46.08,160.95,0.4898,-1,-1,-1
343,108,1867.01,533.96,51.40,126.06,0.2874,-1,-1,-1
343,106,1569.62,546.87,88.46,230.82,0.4119,-1,-1,-1
343,94,1444.10,614.91,68.71,169.34,0.6041,-1,-1,-1
343,41,146.63,649.87,50.47,162.12,0.5285,-1,-1,-1
344,108,1876.81,534.52,42.56,131.51,0.4552,-1,-1,-1
344,106,1571.50,566.43,93.52,218.07,0.3273,-1,-1,-1
344,94,1442.87,617.60,71.04,170.82,0.6753,-1,-1,-1
344,41,139.32,653.89,58.16,163.20,0.4860,-1,-1,-1
345,108,1876.95,537.12,42.41,133.31,0.4705,-1,-1,-1
345,106,1571.96,595.94,50.82,172.67,0.3963,-1,-1,-1
345,101,174.33,656.51,45.32,151.84,0.4039,-1,-1,-1
345,100,1361.97,590.18,69.88,178.16,0.3071,-1,-1,-1
345,94,1444.79,618.87,69.36,182.30,0.6134,-1,-1,-1
345,41,137.41,659.44,53.20,164.19,0.3694,-1,-1,-1
346,108,1879.00,534.21,40.37,141.88,0.4743,-1,-1,-1
346,107,1576.96,592.54,92.55,204.69,0.4313,-1,-1,-1
346,106,1573.58,593.75,53.19,185.18,0.4138,-1,-1,-1
346,101,159.77,661.03,53.61,165.27,0.2523,-1,-1,-1
346,100,1361.09,571.28,64.85,199.55,0.3423,-1,-1,-1
346,94,1440.41,622.47,68.46,182.35,0.5912,-1,-1,-1
346,41,128.82,662.87,55.51,170.04,0.3676,-1,-1,-1
347,112,1399.26,592.88,61.84,183.38,0.3130,-1,-1,-1
347,108,1884.71,541.18,34.66,136.78,0.3244,-1,-1,-1
347,106,1573.96,595.05,57.84,194.08,0.5165,-1,-1,-1
347,101,164.28,665.88,47.75,162.92,0.2613,-1,-1,-1
347,100,1361.85,582.43,61.52,193.31,0.3553,-1,-1,-1
347,94,1432.54,627.05,78.10,185.88,0.5993,-1,-1,-1
347,41,117.72,670.77,56.69,170.19,0.4566,-1,-1,-1
348,112,1396.72,594.39,62.47,187.03,0.4330,-1,-1,-1
348,106,1576.28,599.80,63.71,188.87,0.5148,-1,-1,-1
348,100,1353.37,594.05,68.04,183.82,0.2938,-1,-1,-1
348,94,1448.88,630.99,60.94,187.05,0.6564,-1,-1,-1
348,41,118.47,671.19,55.59,170.12,0.5843,-1,-1,-1
349,112,1394.44,595.43,65.79,190.97,0.5119,-1,-1,-1
349,106,1578.73,613.67,63.69,182.71,0.4367,-1,-1,-1
349,100,1355.81,599.22,61.92,181.87,0.4163,-1,-1,-1
349,94,1444.90,635.13,69.07,191.59,0.6875,-1,-1,-1
349,41,105.47,674.10,64.04,169.56,0.4650,-1,-1,-1
350,112,1395.12,597.98,59.56,189.90,0.4075,-1,-1,-1
350,106,1580.67,614.91,73.18,183.46,0.5738,-1,-1,-1
350,101,150.04,667.39,49.63,158.50,0.3799,-1,-1,-1
350,100,1357.03,604.66,65.67,180.44,0.4028,-1,-1,-1
350,94,1442.90,639.14,79.03,190.24,0.6503,-1,-1,-1
350,41,102.60,670.66,59.56,173.93,0.4883,-1,-1,-1
351,112,1392.88,600.95,64.01,191.05,0.3519,-1,-1,-1
351,106,1581.78,608.43,69.54,189.19,0.4102,-1,-1,-1
351,101,143.95,667.76,50.91,156.70,0.3899,-1,-1,-1
351,100,1354.51,607.24,71.62,178.66,0.4139,-1,-1,-1
351,94,1439.70,646.13,84.75,187.39,0.7042,-1,-1,-1
351,41,94.75,672.92,59.70,176.05,0.5600,-1,-1,-1
352,106,1584.02,606.58,80.55,206.78,0.5264,-1,-1,-1
352,101,140.46,669.83,51.01,161.13,0.2834,-1,-1,-1
352,100,1358.52,604.40,63.53,184.97,0.4532,-1,-1,-1
352,94,1427.07,649.88,97.38,189.95,0.6594,-1,-1,-1
352,41,85.92,673.87,62.97,176.37,0.5697,-1,-1,-1
353,112,1398.60,599.67,49.43,192.66,0.4510,-1,-1,-1
353,106,1583.44,610.25,72.97,203.18,0.5756,-1,-1,-1
353,101,135.93,671.15,51.67,162.02,0.3596,-1,-1,-1
353,100,1356.96,602.53,64.24,188.79,0.4916,-1,-1,-1
353,94,1437.21,651.60,92.36,191.63,0.6676,-1,-1,-1
353,41,79.73,680.23,66.63,170.92,0.4339,-1,-1,-1
354,112,1394.60,601.84,63.77,193.32,0.3477,-1,-1,-1
354,106,1582.78,619.96,71.90,199.07,0.5588,-1,-1,-1
354,101,129.17,670.79,53.98,164.56,0.3777,-1,-1,-1
354,100,1346.90,604.49,70.95,189.52,0.4860,-1,-1,-1
354,94,1447.98,655.94,81.71,197.13,0.6894,-1,-1,-1
354,41,79.76,682.58,66.09,172.06,0.5197,-1,-1,-1
355,112,1390.91,604.59,61.37,197.87,0.4293,-1,-1,-1
355,106,1582.55,628.00,73.19,192.51,0.5786,-1,-1,-1
355,101,122.33,667.07,48.14,166.80,0.4648,-1,-1,-1
355,100,1349.84,606.83,62.05,190.89,0.4303,-1,-1,-1
355,94,1445.90,656.48,83.80,196.07,0.6566,-1,-1,-1
355,41,87.22,678.22,49.14,179.36,0.4127,-1,-1,-1
356,112,1391.38,610.60,60.65,199.75,0.3672,-1,-1,-1
356,106,1581.08,632.79,78.18,196.51,0.5770,-1,-1,-1
356,101,115.46,664.86,55.10,172.58,0.3936,-1,-1,-1
356,100,1347.87,602.74,63.31,197.46,0.3902,-1,-1,-1
356,94,1440.27,658.61,94.83,198.91,0.6952,-1,-1,-1
356,41,59.12,681.50,67.22,177.67,0.4241,-1,-1,-1
357,113,1483.36,545.46,39.20,65.24,0.3700,-1,-1,-1
357,112,1384.89,611.93,67.23,200.30,0.3771,-1,-1,-1
357,106,1576.59,644.07,85.11,192.14,0.6404,-1,-1,-1
357,101,110.60,672.62,49.71,172.34,0.2815,-1,-1,-1
357,100,1348.50,582.31,56.29,216.90,0.3654,-1,-1,-1
357,94,1448.54,666.43,85.86,196.95,0.7572,-1,-1,-1
357,41,75.97,679.30,48.26,176.55,0.3899,-1,-1,-1
358,112,1387.00,614.55,69.65,199.00,0.5231,-1,-1,-1
358,106,1575.25,647.96,92.07,190.56,0.6255,-1,-1,-1
358,100,1351.36,598.94,50.43,200.12,0.4392,-1,-1,-1
358,94,1450.48,671.72,81.52,192.62,0.7842,-1,-1,-1
358,41,60.68,683.45,58.71,181.45,0.5443,-1,-1,-1
359,112,1386.49,614.57,71.57,202.63,0.4642,-1,-1,-1
359,106,1578.98,649.91,93.03,195.39,0.6683,-1,-1,-1
359,101,97.10,673.64,47.09,172.24,0.4345,-1,-1,-1
359,100,1345.55,593.31,54.22,183.88,0.4115,-1,-1,-1
359,94,1450.89,681.74,78.46,192.51,0.6677,-1,-1,-1
359,41,48.08,692.93,57.62,175.14,0.3690,-1,-1,-1
360,112,1378.49,621.32,79.47,198.26,0.4151,-1,-1,-1
360,106,1580.81,655.99,91.87,197.34,0.6186,-1,-1,-1
360,101,93.67,674.70,49.16,169.43,0.3972,-1,-1,-1
360,100,1341.49,593.41,58.39,216.63,0.5521,-1,-1,-1
360,94,1454.10,683.81,74.64,193.22,0.7213,-1,-1,-1
360,41,40.50,691.88,58.93,178.29,0.4084,-1,-1,-1
361,114,1413.86,540.38,47.97,84.80,0.2624,-1,-1,-1
361,113,1492.16,560.34,27.06,58.82,0.2765,-1,-1,-1
361,112,1375.84,620.61,78.06,201.91,0.4502,-1,-1,-1
361,106,1580.39,661.57,93.00,195.25,0.6780,-1,-1,-1
361,101,83.33,681.58,54.21,170.76,0.4341,-1,-1,-1
361,100,1342.13,593.18,54.51,208.30,0.4559,-1,-1,-1
361,94,1454.64,685.64,70.87,199.65,0.7348,-1,-1,-1
361,41,33.76,688.56,60.45,183.45,0.4913,-1,-1,-1
362,112,1374.38,622.44,86.38,207.39,0.4946,-1,-1,-1
362,106,1582.77,660.87,89.12,202.44,0.6443,-1,-1,-1
362,101,77.57,683.20,48.45,172.29,0.4968,-1,-1,-1
362,100,1341.60,599.21,54.92,221.70,0.5294,-1,-1,-1
362,94,1453.08,681.81,77.16,206.16,0.7320,-1,-1,-1
362,41,24.36,692.22,68.29,184.81,0.4408,-1,-1,-1
363,113,1494.52,567.78,36.28,55.23,0.2600,-1,-1,-1
363,112,1378.48,617.37,82.42,214.98,0.4929,-1,-1,-1
363,106,1584.25,660.76,84.29,205.71,0.5625,-1,-1,-1
363,101,68.66,682.23,51.77,177.96,0.4350,-1,-1,-1
363,100,1340.08,599.98,55.69,221.49,0.5457,-1,-1,-1
363,94,1455.02,678.82,75.21,220.22,0.7406,-1,-1,-1
363,41,17.52,692.50,66.88,191.00,0.3859,-1,-1,-1
364,112,1374.37,629.87,60.14,209.39,0.4714,-1,-1,-1
364,106,1581.41,661.78,80.31,215.25,0.6292,-1,-1,-1
364,101,64.35,685.92,51.60,178.39,0.3715,-1,-1,-1
364,100,1337.76,611.14,56.09,197.95,0.3122,-1,-1,-1
364,94,1451.16,688.17,83.41,221.76,0.7584,-1,-1,-1
364,41,10.82,697.28,65.86,187.42,0.4325,-1,-1,-1
365,113,1497.64,570.34,36.38,61.75,0.2671,-1,-1,-1
365,112,1372.49,630.08,70.72,216.79,0.5356,-1,-1,-1
365,106,1582.63,665.50,75.80,214.57,0.5975,-1,-1,-1
365,101,53.33,692.34,56.45,178.22,0.3847,-1,-1,-1
365,100,1338.63,629.76,49.04,161.25,0.3369,-1,-1,-1
365,94,1447.44,692.44,92.31,220.07,0.6988,-1,-1,-1
365,41,5.04,700.49,62.93,193.06,0.4497,-1,-1,-1
366,112,1372.90,632.66,69.08,217.85,0.6042,-1,-1,-1
366,106,1579.56,663.66,76.06,218.80,0.6737,-1,-1,-1
366,101,49.03,693.98,53.10,174.02,0.5618,-1,-1,-1
366,100,1339.79,634.15,51.34,212.46,0.3635,-1,-1,-1
366,94,1448.18,697.80,96.77,223.36,0.7253,-1,-1,-1
366,41,8.20,705.41,53.06,188.87,0.5091,-1,-1,-1
367,113,1500.70,573.83,35.59,62.22,0.2760,-1,-1,-1
367,112,1374.36,638.82,67.78,214.03,0.5760,-1,-1,-1
367,106,1577.77,661.41,82.26,233.98,0.6498,-1,-1,-1
367,101,44.39,702.59,49.91,172.35,0.5367,-1,-1,-1
367,100,1334.67,640.83,50.13,160.93,0.4946,-1,-1,-1
367,94,1454.26,706.48,91.29,220.91,0.7107,-1,-1,-1
367,41,3.25,714.21,52.31,185.89,0.5156,-1,-1,-1
368,116,0.16,722.15,23.45,183.77,0.2856,-1,-1,-1
368,113,1502.72,574.75,41.76,65.60,0.2786,-1,-1,-1
368,112,1372.61,639.19,62.71,217.47,0.5891,-1,-1,-1
368,106,1575.59,663.63,87.30,236.48,0.6304,-1,-1,-1
368,101,34.81,707.72,53.67,174.59,0.3835,-1,-1,-1
368,100,1333.68,644.79,49.95,168.35,0.4757,-1,-1,-1
368,94,1456.63,711.61,90.79,223.05,0.7127,-1,-1,-1
368,41,0.18,715.78,46.21,191.04,0.4644,-1,-1,-1
369,115,1669.15,602.56,59.40,141.54,0.4293,-1,-1,-1
369,113,1503.95,575.15,40.29,66.06,0.3400,-1,-1,-1
369,112,1374.13,642.01,62.18,217.41,0.5802,-1,-1,-1
369,106,1577.35,663.45,86.07,238.60,0.6316,-1,-1,-1
369,101,24.62,708.00,56.31,180.58,0.6029,-1,-1,-1
369,100,1328.76,644.79,57.46,208.48,0.5574,-1,-1,-1
369,94,1461.77,710.22,89.05,229.00,0.5707,-1,-1,-1
369,41,0.18,714.75,42.36,197.61,0.4829,-1,-1,-1
370,115,1670.29,604.75,72.49,143.66,0.2915,-1,-1,-1
370,113,1505.20,576.44,43.09,67.78,0.3458,-1,-1,-1
370,112,1368.07,643.82,65.54,220.97,0.5170,-1,-1,-1
370,106,1564.29,662.59,102.07,240.59,0.6565,-1,-1,-1
370,101,12.73,711.09,57.15,181.72,0.4460,-1,-1,-1
370,100,1326.55,643.44,59.58,219.95,0.3464,-1,-1,-1
370,94,1460.44,715.63,92.66,230.21,0.6383,-1,-1,-1
370,41,0.18,718.99,30.42,194.93,0.3763,-1,-1,-1
371,113,1504.80,576.76,44.98,67.57,0.3103,-1,-1,-1
371,112,1366.42,644.92,68.01,222.81,0.4880,-1,-1,-1
371,106,1557.99,667.19,112.88,236.51,0.6947,-1,-1,-1
371,101,9.88,713.65,54.99,187.05,0.5524,-1,-1,-1
371,100,1325.80,651.49,58.60,216.46,0.2765,-1,-1,-1
371,94,1462.03,718.99,91.80,229.38,0.7186,-1,-1,-1
371,41,0.16,723.77,28.31,185.79,0.3568,-1,-1,-1
372,112,1362.46,646.48,71.15,224.29,0.5200,-1,-1,-1
372,106,1555.51,668.98,116.05,241.09,0.6669,-1,-1,-1
372,101,1.38,717.71,58.19,182.99,0.6471,-1,-1,-1
372,100,1321.30,648.95,53.12,159.98,0.2569,-1,-1,-1
372,94,1460.98,719.83,94.39,232.50,0.7244,-1,-1,-1
373,113,1506.66,577.59,41.17,66.08,0.2512,-1,-1,-1
373,112,1359.89,649.22,72.67,223.99,0.4941,-1,-1,-1
373,106,1562.99,671.68,110.23,244.49,0.6847,-1,-1,-1
373,101,0.34,726.56,51.22,179.10,0.5496,-1,-1,-1
373,100,1317.58,649.34,56.27,168.61,0.3113,-1,-1,-1
373,94,1459.49,719.68,96.16,235.31,0.7239,-1,-1,-1
374,117,1553.34,572.00,43.12,80.08,0.2838,-1,-1,-1
374,112,1359.09,653.85,74.44,222.37,0.5884,-1,-1,-1
374,106,1560.45,678.24,111.85,243.25,0.6547,-1,-1,-1
374,101,0.21,730.27,41.69,176.17,0.6577,-1,-1,-1
374,100,1312.90,643.85,56.01,168.83,0.3208,-1,-1,-1
374,94,1455.08,722.41,96.29,237.41,0.7138,-1,-1,-1
375,115,1703.03,608.24,47.14,139.42,0.3978,-1,-1,-1
375,112,1357.99,657.12,77.78,221.94,0.5840,-1,-1,-1
375,106,1562.56,674.09,105.48,245.44,0.6330,-1,-1,-1
375,101,0.09,733.11,34.90,180.02,0.5737,-1,-1,-1
375,100,1314.45,645.59,54.16,173.02,0.2546,-1,-1,-1
375,94,1455.30,724.32,86.18,239.48,0.7044,-1,-1,-1
376,116,0.10,734.05,23.56,172.78,0.5310,-1,-1,-1
376,115,1704.69,609.91,48.88,139.54,0.3564,-1,-1,-1
376,112,1351.29,653.32,79.14,222.47,0.5088,-1,-1,-1
376,106,1559.61,679.06,103.11,242.68,0.6108,-1,-1,-1
376,94,1456.38,726.02,81.36,241.69,0.7020,-1,-1,-1
377,117,1554.27,569.26,45.19,79.26,0.2628,-1,-1,-1
377,115,1712.46,602.55,61.00,149.64,0.3323,-1,-1,-1
377,113,1509.54,570.07,38.94,68.94,0.2670,-1,-1,-1
377,112,1346.28,648.86,88.20,228.25,0.5839,-1,-1,-1
377,106,1555.72,683.27,99.14,235.51,0.5969,-1,-1,-1
377,94,1456.13,725.32,82.12,247.86,0.6784,-1,-1,-1
378,117,1552.86,568.69,47.95,80.88,0.2971,-1,-1,-1
378,115,1723.67,605.37,58.91,141.60,0.5157,-1,-1,-1
378,113,1506.35,566.23,42.60,73.74,0.2609,-1,-1,-1
378,112,1340.72,646.84,87.30,232.63,0.4302,-1,-1,-1
378,106,1550.46,683.32,101.14,243.72,0.6499,-1,-1,-1
378,94,1457.65,725.94,80.75,254.39,0.6445,-1,-1,-1
379,115,1717.40,599.46,62.53,144.91,0.3526,-1,-1,-1
379,112,1336.58,648.43,63.14,181.99,0.3057,-1,-1,-1
379,106,1547.89,677.26,92.27,249.34,0.7072,-1,-1,-1
379,94,1456.78,725.58,79.84,262.25,0.6688,-1,-1,-1
380,117,1552.26,568.42,48.30,83.18,0.2747,-1,-1,-1
380,115,1729.30,600.78,46.74,144.60,0.3179,-1,-1,-1
380,112,1331.44,648.00,60.72,178.34,0.4129,-1,-1,-1
380,106,1540.97,679.36,96.08,252.26,0.6643,-1,-1,-1
380,94,1454.53,724.83,80.28,267.78,0.6928,-1,-1,-1
381,119,1711.51,601.40,55.89,143.89,0.3309,-1,-1,-1
381,118,1775.33,606.51,37.58,128.44,0.2954,-1,-1,-1
381,115,1734.79,595.33,47.06,144.85,0.2558,-1,-1,-1
381,113,1505.58,566.09,43.22,64.91,0.2876,-1,-1,-1
381,112,1327.79,647.76,59.20,183.20,0.4176,-1,-1,-1
381,106,1530.46,679.53,87.78,259.43,0.6150,-1,-1,-1
381,94,1452.82,727.45,91.93,267.88,0.7050,-1,-1,-1
382,120,1445.40,559.86,42.56,82.80,0.3740,-1,-1,-1
382,119,1714.19,589.99,62.57,154.10,0.4632,-1,-1,-1
382,117,1551.52,563.43,46.24,87.17,0.2974,-1,-1,-1
382,113,1506.13,564.70,43.37,64.55,0.2947,-1,-1,-1
382,112,1323.49,648.48,58.72,182.97,0.6209,-1,-1,-1
382,106,1534.44,677.80,78.68,260.03,0.5855,-1,-1,-1
382,94,1449.62,732.32,90.89,268.19,0.6865,-1,-1,-1
383,121,1372.35,551.24,42.55,114.36,0.2636,-1,-1,-1
383,120,1441.84,563.13,44.39,78.77,0.2836,-1,-1,-1
383,119,1710.92,594.97,53.44,146.30,0.3534,-1,-1,-1
383,117,1550.03,559.98,45.05,91.23,0.3591,-1,-1,-1
383,113,1506.11,563.19,44.92,66.57,0.3026,-1,-1,-1
383,112,1321.25,649.01,54.37,187.63,0.6668,-1,-1,-1
383,106,1529.04,687.10,83.32,249.69,0.5602,-1,-1,-1
383,94,1446.83,737.79,96.57,267.10,0.7161,-1,-1,-1
384,120,1439.16,561.84,46.66,80.46,0.3172,-1,-1,-1
384,119,1710.67,596.65,54.61,146.86,0.3830,-1,-1,-1
384,117,1548.70,558.35,44.08,94.85,0.2640,-1,-1,-1
384,113,1506.65,564.41,40.42,64.16,0.2674,-1,-1,-1
384,112,1317.45,647.56,52.96,188.77,0.6727,-1,-1,-1
384,106,1519.54,684.08,91.08,258.99,0.5851,-1,-1,-1
384,94,1443.32,740.86,101.57,270.46,0.7348,-1,-1,-1
385,120,1436.15,566.60,48.43,75.39,0.3919,-1,-1,-1
385,119,1716.88,592.04,69.80,155.68,0.4331,-1,-1,-1
385,117,1551.42,558.43,40.91,79.57,0.2772,-1,-1,-1
385,113,1499.32,563.92,44.60,68.13,0.2936,-1,-1,-1
385,106,1518.80,688.78,92.42,250.91,0.6054,-1,-1,-1
385,100,1251.64,642.71,111.80,220.82,0.3308,-1,-1,-1
385,94,1439.97,742.07,99.39,271.06,0.7481,-1,-1,-1
386,121,1374.00,554.52,43.63,113.07,0.3100,-1,-1,-1
386,120,1433.00,559.62,46.30,83.25,0.3879,-1,-1,-1
386,119,1718.62,594.23,67.23,157.01,0.3018,-1,-1,-1
386,117,1545.27,559.45,46.19,91.60,0.2722,-1,-1,-1
386,113,1493.13,558.21,49.68,75.25,0.3481,-1,-1,-1
386,106,1512.59,694.70,97.13,252.48,0.5701,-1,-1,-1
386,100,1243.91,645.65,115.00,225.25,0.2521,-1,-1,-1
386,94,1433.38,745.61,95.59,273.97,0.7487,-1,-1,-1
387,122,1239.58,643.46,65.64,218.42,0.4951,-1,-1,-1
387,120,1431.88,562.29,37.50,74.27,0.2985,-1,-1,-1
387,119,1727.99,588.76,64.75,154.97,0.3177,-1,-1,-1
387,117,1544.66,551.11,47.25,103.06,0.3846,-1,-1,-1
387,115,1787.14,599.76,38.65,126.76,0.2922,-1,-1,-1
387,113,1493.01,554.75,52.51,76.72,0.4322,-1,-1,-1
387,106,1506.10,693.53,97.52,257.14,0.6553,-1,-1,-1
387,94,1431.92,746.03,90.95,275.08,0.7025,-1,-1,-1
388,122,1235.69,648.65,56.79,213.33,0.4926,-1,-1,-1
388,119,1725.55,588.38,73.24,162.67,0.2883,-1,-1,-1
388,115,1784.28,596.57,42.45,147.66,0.3229,-1,-1,-1
388,113,1488.96,559.42,55.78,74.53,0.3930,-1,-1,-1
388,106,1494.95,680.20,105.05,275.24,0.5974,-1,-1,-1
388,100,1262.13,646.42,85.38,227.48,0.3327,-1,-1,-1
388,94,1429.35,746.18,91.06,282.17,0.6605,-1,-1,-1
389,122,1216.95,644.81,69.02,219.57,0.4830,-1,-1,-1
389,119,1733.78,589.70,62.48,162.05,0.3028,-1,-1,-1
389,117,1540.78,563.83,44.54,80.59,0.2633,-1,-1,-1
389,115,1779.89,587.51,47.12,162.52,0.2945,-1,-1,-1
389,113,1488.35,564.15,53.16,70.73,0.2666,-1,-1,-1
389,112,1276.08,639.82,64.28,223.13,0.2745,-1,-1,-1
389,106,1486.18,682.81,113.07,275.17,0.6406,-1,-1,-1
389,94,1426.78,746.25,93.82,290.19,0.5931,-1,-1,-1
390,122,1226.31,647.58,57.88,225.27,0.4834,-1,-1,-1
390,119,1736.58,590.60,58.72,159.85,0.2935,-1,-1,-1
390,117,1533.20,553.68,48.77,92.84,0.3558,-1,-1,-1
390,113,1483.03,558.45,44.60,75.62,0.3224,-1,-1,-1
390,112,1274.57,644.14,59.13,226.28,0.4331,-1,-1,-1
390,106,1487.37,691.69,106.88,265.78,0.5612,-1,-1,-1
390,94,1415.01,749.08,101.93,291.57,0.6095,-1,-1,-1
391,123,1347.76,557.20,48.40,109.26,0.4248,-1,-1,-1
391,122,1215.58,650.68,58.80,221.46,0.3407,-1,-1,-1
391,120,1413.46,554.04,45.27,90.07,0.5165,-1,-1,-1
391,119,1735.29,610.09,54.80,152.81,0.2575,-1,-1,-1
391,117,1531.14,565.51,44.46,80.74,0.3900,-1,-1,-1
391,113,1482.27,558.41,52.08,83.10,0.4340,-1,-1,-1
391,106,1482.68,714.21,108.28,239.09,0.5664,-1,-1,-1
391,94,1406.76,751.97,113.44,298.15,0.5774,-1,-1,-1
392,123,1338.55,552.22,53.21,113.28,0.3810,-1,-1,-1
392,122,1195.40,646.85,70.34,229.28,0.4906,-1,-1,-1
392,120,1407.04,551.96,47.00,91.81,0.3670,-1,-1,-1
392,119,1734.53,588.55,57.33,175.16,0.3318,-1,-1,-1
392,117,1525.37,559.76,43.31,92.26,0.3366,-1,-1,-1
392,113,1473.14,563.52,46.66,72.04,0.2623,-1,-1,-1
392,112,1250.03,647.22,68.06,234.83,0.4927,-1,-1,-1
392,106,1470.45,707.96,112.84,252.51,0.5198,-1,-1,-1
392,94,1398.01,756.40,108.16,296.02,0.6735,-1,-1,-1
393,123,1335.07,553.67,52.51,117.22,0.4282,-1,-1,-1
393,122,1190.98,646.60,68.29,231.64,0.4799,-1,-1,-1
393,120,1389.36,544.44,61.21,98.63,0.2982,-1,-1,-1
393,119,1731.15,607.12,59.92,157.61,0.4079,-1,-1,-1
393,117,1519.33,563.26,44.14,90.15,0.4266,-1,-1,-1
393,115,1782.03,611.01,42.51,144.51,0.2727,-1,-1,-1
393,113,1469.43,563.46,49.60,79.46,0.5495,-1,-1,-1
393,112,1235.94,650.48,71.85,246.16,0.2964,-1,-1,-1
393,106,1457.90,705.83,77.76,172.14,0.3620,-1,-1,-1
393,94,1394.72,762.32,111.85,296.19,0.6515,-1,-1,-1
394,123,1329.35,554.10,49.75,115.91,0.4489,-1,-1,-1
394,122,1183.57,651.15,65.59,227.86,0.5015,-1,-1,-1
394,120,1384.27,549.29,57.83,97.11,0.4484,-1,-1,-1
394,119,1730.33,604.35,55.58,157.93,0.4590,-1,-1,-1
394,117,1517.52,563.81,43.51,91.37,0.3002,-1,-1,-1
394,113,1462.63,561.91,54.70,77.13,0.3512,-1,-1,-1
394,94,1388.34,764.74,104.83,299.15,0.5831,-1,-1,-1
395,123,1321.28,556.47,51.97,122.27,0.5622,-1,-1,-1
395,122,1170.22,648.71,70.71,238.55,0.6525,-1,-1,-1
395,120,1389.25,548.88,48.18,95.35,0.5514,-1,-1,-1
395,119,1727.91,597.80,56.56,167.44,0.4611,-1,-1,-1
395,117,1508.56,562.86,43.73,85.89,0.3352,-1,-1,-1
395,113,1459.32,559.57,44.29,80.98,0.3552,-1,-1,-1
395,106,1443.52,709.88,83.86,256.37,0.5118,-1,-1,-1
395,94,1380.29,767.47,99.86,301.37,0.6790,-1,-1,-1
396,123,1315.54,558.50,51.87,122.65,0.4676,-1,-1,-1
396,122,1162.30,648.52,70.14,220.93,0.5778,-1,-1,-1
396,120,1384.09,548.86,44.47,98.69,0.4157,-1,-1,-1
396,119,1726.73,597.87,57.21,171.71,0.4980,-1,-1,-1
396,117,1502.27,561.22,42.79,87.15,0.2984,-1,-1,-1
396,113,1445.63,558.27,49.27,82.74,0.3514,-1,-1,-1
396,106,1432.38,703.68,87.04,252.10,0.4948,-1,-1,-1
396,94,1372.39,771.90,105.08,302.12,0.7461,-1,-1,-1
397,123,1312.95,562.64,49.13,121.30,0.4727,-1,-1,-1
397,122,1149.18,648.81,73.13,231.56,0.6025,-1,-1,-1
397,120,1372.40,551.23,45.10,96.75,0.4724,-1,-1,-1
397,119,1723.52,602.03,56.09,167.48,0.5076,-1,-1,-1
397,118,1776.73,603.96,38.89,166.54,0.2515,-1,-1,-1
397,117,1495.83,562.90,45.83,90.34,0.4560,-1,-1,-1
397,113,1445.78,562.66,51.57,83.07,0.5600,-1,-1,-1
397,106,1418.53,717.29,88.16,262.14,0.4163,-1,-1,-1
397,94,1365.82,772.40,102.11,305.38,0.6440,-1,-1,-1
398,123,1301.22,557.23,47.59,125.88,0.6488,-1,-1,-1
398,122,1141.98,648.62,73.91,240.15,0.5449,-1,-1,-1
398,120,1367.08,552.05,47.56,94.39,0.4548,-1,-1,-1
398,119,1715.75,606.49,56.10,163.24,0.4393,-1,-1,-1
398,117,1489.58,563.41,38.35,83.57,0.2811,-1,-1,-1
398,113,1436.72,558.74,51.79,87.62,0.3245,-1,-1,-1
398,106,1401.78,715.69,81.29,160.35,0.3366,-1,-1,-1
398,94,1356.65,769.50,112.98,305.73,0.5333,-1,-1,-1
399,123,1293.04,552.11,50.73,128.77,0.5964,-1,-1,-1
399,122,1129.30,653.90,67.18,224.23,0.6109,-1,-1,-1
399,120,1361.83,556.76,38.32,91.18,0.3336,-1,-1,-1
399,119,1713.06,605.27,59.92,162.25,0.4787,-1,-1,-1
399,117,1479.03,557.37,44.59,94.26,0.3647,-1,-1,-1
399,94,1348.29,768.08,111.71,311.92,0.3335,-1,-1,-1
400,123,1289.70,557.65,40.51,125.10,0.6083,-1,-1,-1
400,122,1110.50,652.76,95.57,269.11,0.5451,-1,-1,-1
400,120,1349.08,549.03,43.57,99.21,0.5130,-1,-1,-1
400,119,1711.72,610.44,68.80,161.84,0.3388,-1,-1,-1
400,117,1471.55,559.56,44.84,93.51,0.4436,-1,-1,-1
400,113,1420.10,562.51,51.28,82.82,0.5254,-1,-1,-1
400,106,1380.23,717.72,76.33,154.06,0.4167,-1,-1,-1
400,94,1339.67,770.48,111.19,309.37,0.3856,-1,-1,-1
401,123,1277.48,552.38,47.27,131.21,0.6619,-1,-1,-1
401,122,1092.89,657.22,83.15,247.40,0.7007,-1,-1,-1
401,120,1340.70,545.05,45.04,101.31,0.4687,-1,-1,-1
401,119,1707.62,610.20,57.03,160.90,0.3395,-1,-1,-1
401,117,1465.26,558.52,44.24,90.96,0.3094,-1,-1,-1
401,113,1410.91,559.43,52.36,84.36,0.3437,-1,-1,-1
401,106,1376.56,725.20,66.48,149.25,0.3487,-1,-1,-1
401,94,1322.64,771.84,114.91,307.05,0.5653,-1,-1,-1
402,123,1267.70,551.56,47.77,128.95,0.4939,-1,-1,-1
402,122,1073.27,655.65,102.20,251.69,0.6523,-1,-1,-1
402,120,1323.25,539.48,51.61,110.07,0.4397,-1,-1,-1
402,117,1454.67,555.79,45.77,98.39,0.3016,-1,-1,-1
402,113,1399.24,556.58,57.34,92.40,0.2987,-1,-1,-1
402,94,1314.70,776.78,115.28,302.45,0.6448,-1,-1,-1
403,123,1262.27,553.63,40.14,128.11,0.4628,-1,-1,-1
403,122,1057.33,656.08,112.40,283.07,0.6647,-1,-1,-1
403,120,1315.05,543.20,51.37,104.82,0.5202,-1,-1,-1
403,117,1446.08,557.73,51.31,99.45,0.3681,-1,-1,-1
403,113,1395.27,559.58,54.43,86.68,0.4315,-1,-1,-1
403,94,1302.78,761.92,125.15,316.35,0.6407,-1,-1,-1
404,123,1250.97,546.99,44.50,131.08,0.4947,-1,-1,-1
404,122,1068.08,660.10,92.10,282.27,0.6716,-1,-1,-1
404,120,1311.19,543.15,45.82,105.55,0.5543,-1,-1,-1
404,117,1435.16,561.35,47.01,89.27,0.4463,-1,-1,-1
404,113,1384.82,556.49,54.46,89.73,0.4260,-1,-1,-1
404,94,1284.49,767.40,129.11,310.84,0.7311,-1,-1,-1
405,123,1241.88,546.09,38.66,134.96,0.4920,-1,-1,-1
405,122,1039.88,659.97,104.87,280.52,0.6304,-1,-1,-1
405,120,1296.50,541.57,49.63,108.86,0.4407,-1,-1,-1
405,117,1425.16,559.64,46.21,95.31,0.4478,-1,-1,-1
405,113,1374.70,559.40,51.11,87.29,0.3299,-1,-1,-1
405,94,1258.52,783.36,142.42,296.53,0.6210,-1,-1,-1
406,123,1228.91,548.21,43.76,128.12,0.6197,-1,-1,-1
406,122,1010.76,661.67,117.88,282.90,0.7467,-1,-1,-1
406,120,1291.73,542.56,43.74,104.54,0.6222,-1,-1,-1
406,117,1415.34,555.76,46.92,95.89,0.3943,-1,-1,-1
406,113,1363.36,554.39,57.63,92.83,0.2645,-1,-1,-1
406,100,1294.74,724.96,65.15,131.96,0.3596,-1,-1,-1
406,94,1202.60,783.01,182.24,295.61,0.5779,-1,-1,-1
407,123,1218.04,542.45,44.23,140.34,0.5248,-1,-1,-1
407,122,994.90,664.47,120.67,285.72,0.5517,-1,-1,-1
407,120,1279.51,549.88,43.49,100.73,0.5676,-1,-1,-1
407,119,1672.65,600.67,73.36,188.88,0.3394,-1,-1,-1
407,117,1404.48,552.48,46.92,105.05,0.4213,-1,-1,-1
407,113,1352.18,558.37,45.85,91.29,0.3668,-1,-1,-1
407,94,1184.00,780.54,186.63,298.48,0.6123,-1,-1,-1
408,123,1204.42,546.67,46.50,131.85,0.5757,-1,-1,-1
408,122,998.12,667.73,102.71,288.02,0.6287,-1,-1,-1
408,120,1267.33,542.59,43.25,105.48,0.6265,-1,-1,-1
408,117,1395.14,557.31,43.95,94.65,0.4107,-1,-1,-1
408,113,1340.91,559.63,46.72,87.83,0.3600,-1,-1,-1
408,94,1198.14,794.14,159.01,283.88,0.5678,-1,-1,-1
409,123,1193.62,542.79,46.24,138.75,0.5569,-1,-1,-1
409,122,963.97,664.77,120.26,292.16,0.6842,-1,-1,-1
409,120,1251.13,547.59,49.31,104.11,0.4838,-1,-1,-1
409,119,1656.99,580.04,67.88,221.14,0.3448,-1,-1,-1
409,117,1381.68,551.90,45.67,105.17,0.4233,-1,-1,-1
409,113,1328.25,557.92,46.03,92.27,0.3676,-1,-1,-1
409,94,1193.85,791.82,142.97,287.78,0.7033,-1,-1,-1
410,123,1180.02,543.21,47.04,135.72,0.5673,-1,-1,-1
410,122,942.60,668.62,116.14,293.46,0.7119,-1,-1,-1
410,120,1239.80,541.42,48.22,107.69,0.5803,-1,-1,-1
410,119,1649.48,591.66,66.81,215.71,0.3474,-1,-1,-1
410,117,1372.55,549.62,43.14,108.66,0.3417,-1,-1,-1
410,113,1326.55,559.75,50.16,90.19,0.3963,-1,-1,-1
410,94,1189.11,810.04,127.12,269.96,0.5441,-1,-1,-1
411,123,1168.12,540.25,45.71,141.36,0.3982,-1,-1,-1
411,122,933.18,669.47,112.68,292.07,0.5428,-1,-1,-1
411,120,1228.29,545.26,46.99,107.38,0.5131,-1,-1,-1
411,119,1636.06,607.09,62.77,192.58,0.2845,-1,-1,-1
411,117,1356.78,550.42,48.03,106.74,0.4497,-1,-1,-1
411,113,1305.00,557.54,48.65,93.42,0.4078,-1,-1,-1
411,94,1164.06,815.74,136.21,262.68,0.7390,-1,-1,-1
412,123,1151.59,540.87,48.99,135.50,0.5157,-1,-1,-1
412,122,899.94,666.12,137.41,302.02,0.6780,-1,-1,-1
412,120,1215.97,538.96,43.56,111.68,0.5604,-1,-1,-1
412,119,1633.11,604.31,57.94,196.02,0.4097,-1,-1,-1
412,117,1346.16,554.15,42.90,100.32,0.5035,-1,-1,-1
412,113,1311.01,557.76,40.56,92.63,0.2629,-1,-1,-1
412,94,1150.02,825.57,130.63,251.61,0.6996,-1,-1,-1
413,123,1138.29,542.44,44.38,138.11,0.4519,-1,-1,-1
413,122,893.64,670.28,127.38,298.22,0.6614,-1,-1,-1
413,120,1197.36,537.41,47.55,117.65,0.5650,-1,-1,-1
413,117,1330.69,549.66,43.93,109.20,0.4293,-1,-1,-1
413,113,1279.48,555.57,41.34,94.33,0.4545,-1,-1,-1
413,94,1115.19,813.82,145.62,266.04,0.5992,-1,-1,-1
414,126,1861.59,591.33,57.78,179.70,0.3609,-1,-1,-1
414,125,1288.87,554.92,41.46,96.91,0.2601,-1,-1,-1
414,123,1125.62,552.66,49.12,114.47,0.2784,-1,-1,-1
414,122,865.00,671.79,113.00,301.56,0.7009,-1,-1,-1
414,120,1182.44,538.86,50.00,114.86,0.6610,-1,-1,-1
414,117,1318.85,552.89,46.36,103.19,0.4727,-1,-1,-1
414,113,1266.13,552.15,45.00,99.17,0.4608,-1,-1,-1
414,94,1116.45,826.27,123.88,253.25,0.6701,-1,-1,-1
415,123,1110.34,544.25,46.80,133.84,0.4881,-1,-1,-1
415,122,837.51,671.55,119.60,304.50,0.7166,-1,-1,-1
415,120,1165.04,535.51,52.17,118.17,0.6298,-1,-1,-1
415,117,1305.11,549.77,43.48,109.41,0.5070,-1,-1,-1
415,113,1252.58,557.91,52.10,91.85,0.4585,-1,-1,-1
415,94,1074.51,819.91,141.85,258.91,0.5636,-1,-1,-1
416,123,1095.23,536.53,49.47,142.91,0.5351,-1,-1,-1
416,122,812.05,672.42,109.95,307.61,0.7553,-1,-1,-1
416,120,1147.89,535.76,51.50,117.76,0.5831,-1,-1,-1
416,117,1286.99,552.93,48.21,104.53,0.4722,-1,-1,-1
416,113,1238.00,553.67,40.83,94.96,0.4522,-1,-1,-1
416,94,1068.76,828.24,126.48,248.33,0.6422,-1,-1,-1
417,126,1816.22,584.05,62.22,189.02,0.3992,-1,-1,-1
417,123,1082.64,539.65,48.62,128.28,0.4162,-1,-1,-1
417,122,782.60,675.91,112.08,307.60,0.7304,-1,-1,-1
417,120,1135.33,533.09,53.59,118.25,0.5393,-1,-1,-1
417,119,1639.08,612.30,62.60,164.32,0.3787,-1,-1,-1
417,117,1275.19,551.75,43.22,107.39,0.3935,-1,-1,-1
417,113,1222.18,555.42,47.86,92.60,0.4343,-1,-1,-1
417,94,1021.55,830.85,147.43,246.47,0.5397,-1,-1,-1
418,126,1795.91,583.20,90.32,201.48,0.4687,-1,-1,-1
418,123,1061.19,539.79,50.49,138.33,0.4719,-1,-1,-1
418,122,752.48,675.80,112.77,311.23,0.7946,-1,-1,-1
418,120,1117.21,531.47,56.86,118.24,0.7112,-1,-1,-1
418,119,1620.99,602.73,74.69,175.67,0.4241,-1,-1,-1
418,117,1256.52,552.43,44.50,106.00,0.4058,-1,-1,-1
418,113,1207.64,558.05,41.14,90.71,0.5133,-1,-1,-1
418,94,1021.39,833.99,123.27,246.01,0.6615,-1,-1,-1
419,126,1779.38,573.67,100.24,212.83,0.4980,-1,-1,-1
419,123,1047.70,539.74,50.63,132.45,0.4720,-1,-1,-1
419,122,715.50,677.27,123.75,315.86,0.7996,-1,-1,-1
419,120,1102.71,531.76,50.83,117.79,0.5705,-1,-1,-1
419,119,1609.31,613.13,76.92,167.27,0.5803,-1,-1,-1
419,117,1240.72,549.62,47.21,105.58,0.3748,-1,-1,-1
419,113,1192.70,550.22,41.01,96.92,0.5641,-1,-1,-1
419,94,1009.22,836.68,109.92,243.32,0.6643,-1,-1,-1
420,133,905.24,784.67,107.71,295.03,0.5557,-1,-1,-1
420,126,1768.85,575.64,68.63,198.02,0.6185,-1,-1,-1
420,123,1033.16,530.87,51.13,136.33,0.4455,-1,-1,-1
420,122,686.02,680.57,127.87,314.56,0.7663,-1,-1,-1
420,120,1090.74,531.90,51.16,115.20,0.6096,-1,-1,-1
420,119,1589.89,612.85,78.63,166.00,0.4450,-1,-1,-1
420,117,1225.76,553.31,45.55,105.44,0.3605,-1,-1,-1
420,113,1177.20,553.43,47.27,93.23,0.5381,-1,-1,-1
420,94,973.28,836.71,117.77,243.29,0.7124,-1,-1,-1
421,133,868.75,770.09,120.34,309.91,0.3357,-1,-1,-1
421,126,1752.76,578.85,68.49,202.65,0.6453,-1,-1,-1
421,123,1010.21,537.21,52.70,139.42,0.5131,-1,-1,-1
421,122,656.53,680.50,129.82,317.48,0.7828,-1,-1,-1
421,120,1071.28,532.26,55.12,117.00,0.6502,-1,-1,-1
421,119,1582.51,610.00,76.76,169.28,0.4711,-1,-1,-1
421,117,1206.41,549.64,46.84,107.81,0.4579,-1,-1,-1
421,113,1160.24,553.81,46.31,94.97,0.5058,-1,-1,-1
421,94,944.16,833.24,119.67,246.76,0.6579,-1,-1,-1
422,133,853.80,792.47,102.86,286.38,0.5142,-1,-1,-1
422,126,1731.95,580.28,76.36,203.02,0.2692,-1,-1,-1
422,123,988.57,526.81,59.92,144.82,0.5408,-1,-1,-1
422,122,623.86,678.64,142.58,328.18,0.8119,-1,-1,-1
422,120,1052.51,529.42,52.24,116.66,0.5807,-1,-1,-1
422,119,1556.48,608.21,85.08,172.65,0.5048,-1,-1,-1
422,117,1189.45,546.81,50.61,110.66,0.3941,-1,-1,-1
422,113,1143.12,551.34,43.39,95.07,0.4906,-1,-1,-1
422,94,912.50,845.92,122.43,233.99,0.7687,-1,-1,-1
423,133,814.24,802.67,109.48,275.37,0.5449,-1,-1,-1
423,126,1719.43,578.41,67.01,203.62,0.5409,-1,-1,-1
423,123,970.66,528.32,54.70,139.71,0.5009,-1,-1,-1
423,122,599.88,683.54,134.28,323.49,0.7453,-1,-1,-1
423,120,1032.41,528.15,58.45,119.70,0.5553,-1,-1,-1
423,119,1554.93,607.52,65.90,171.33,0.6357,-1,-1,-1
423,113,1124.49,552.87,50.45,94.70,0.3632,-1,-1,-1
423,94,880.15,849.70,123.01,230.30,0.7497,-1,-1,-1
424,133,786.81,816.03,108.81,263.97,0.4699,-1,-1,-1
424,126,1693.11,571.68,70.69,207.52,0.5573,-1,-1,-1
424,123,955.54,527.33,52.05,139.31,0.5572,-1,-1,-1
424,122,561.14,688.90,146.51,323.38,0.7652,-1,-1,-1
424,120,1013.24,529.31,59.62,116.41,0.5796,-1,-1,-1
424,119,1538.54,610.39,66.12,169.64,0.6043,-1,-1,-1
424,113,1105.79,551.73,43.70,94.39,0.4101,-1,-1,-1
424,94,856.24,857.93,116.53,222.07,0.7105,-1,-1,-1
425,133,751.32,801.15,108.55,277.42,0.5018,-1,-1,-1
425,126,1672.40,572.42,73.28,208.36,0.6589,-1,-1,-1
425,123,933.97,526.29,54.51,142.58,0.4811,-1,-1,-1
425,122,518.56,686.51,150.60,330.66,0.7404,-1,-1,-1
425,120,995.23,527.96,55.67,122.08,0.5311,-1,-1,-1
425,119,1520.86,609.04,65.83,169.56,0.6158,-1,-1,-1
425,94,819.62,862.93,119.82,217.07,0.7476,-1,-1,-1
426,133,719.99,817.52,98.15,262.48,0.3794,-1,-1,-1
426,126,1654.28,578.27,71.42,200.31,0.6671,-1,-1,-1
426,123,916.05,522.39,55.03,146.50,0.5140,-1,-1,-1
426,122,480.82,693.34,128.71,328.25,0.6080,-1,-1,-1
426,120,976.44,527.63,56.48,121.48,0.5633,-1,-1,-1
426,119,1507.39,609.94,61.03,166.48,0.5682,-1,-1,-1
426,117,1147.58,532.41,42.68,125.26,0.3857,-1,-1,-1
426,113,1068.66,549.09,45.14,97.88,0.3570,-1,-1,-1
426,94,788.69,868.22,118.28,211.78,0.7128,-1,-1,-1
427,133,665.99,821.20,86.98,212.61,0.2688,-1,-1,-1
427,128,1631.39,580.76,75.50,203.90,0.5688,-1,-1,-1
427,123,895.66,528.11,55.11,137.92,0.4801,-1,-1,-1
427,122,436.19,697.49,182.31,334.47,0.6912,-1,-1,-1
427,120,957.73,531.09,53.59,120.73,0.5067,-1,-1,-1
427,119,1488.12,607.80,66.75,172.03,0.5369,-1,-1,-1
427,117,1128.91,541.76,39.41,118.41,0.3212,-1,-1,-1
427,113,1089.46,546.64,48.82,113.30,0.3189,-1,-1,-1
427,94,753.52,873.81,119.66,206.19,0.4977,-1,-1,-1
428,138,1413.24,637.12,80.37,198.67,0.3552,-1,-1,-1
428,133,620.04,835.11,130.01,219.37,0.3237,-1,-1,-1
428,126,1610.23,583.21,77.25,204.95,0.5802,-1,-1,-1
428,123,866.18,528.93,62.67,142.65,0.5738,-1,-1,-1
428,122,406.87,700.13,178.77,341.92,0.5711,-1,-1,-1
428,120,937.38,530.12,56.31,124.74,0.5224,-1,-1,-1
428,119,1470.12,607.77,65.91,173.57,0.4352,-1,-1,-1
428,94,717.92,886.60,118.31,192.76,0.5370,-1,-1,-1
429,139,651.14,780.36,81.93,146.23,0.4406,-1,-1,-1
429,138,1391.65,622.02,67.51,214.10,0.3097,-1,-1,-1
429,133,582.10,849.50,123.37,207.23,0.4489,-1,-1,-1
429,126,1583.00,587.22,84.57,203.30,0.4164,-1,-1,-1
429,123,854.92,531.97,51.32,135.07,0.4167,-1,-1,-1
429,122,390.30,704.04,124.07,312.30,0.4227,-1,-1,-1
429,120,918.36,530.66,53.51,125.70,0.4321,-1,-1,-1
429,119,1452.81,609.95,71.31,181.15,0.4652,-1,-1,-1
429,113,1054.54,552.47,50.99,120.35,0.3356,-1,-1,-1
429,94,683.35,894.21,115.73,185.00,0.6580,-1,-1,-1
430,139,612.54,790.68,82.37,165.56,0.4113,-1,-1,-1
430,138,1367.14,635.86,83.73,198.95,0.3547,-1,-1,-1
430,133,536.20,859.57,122.13,212.13,0.5320,-1,-1,-1
430,126,1559.34,587.35,80.31,201.39,0.6544,-1,-1,-1
430,123,825.08,531.28,68.02,136.23,0.3031,-1,-1,-1
430,122,320.97,708.69,171.24,335.19,0.7221,-1,-1,-1
430,120,892.44,530.95,58.55,126.75,0.3252,-1,-1,-1
430,119,1437.67,611.95,70.96,186.66,0.6185,-1,-1,-1
430,113,1027.94,555.78,50.67,121.20,0.4406,-1,-1,-1
430,94,631.07,905.22,130.19,174.26,0.6652,-1,-1,-1
431,143,977.63,560.69,37.90,108.12,0.4600,-1,-1,-1
431,139,559.48,799.40,92.11,177.08,0.3681,-1,-1,-1
431,138,1346.65,628.79,80.05,211.62,0.2745,-1,-1,-1
431,133,490.20,876.55,98.91,199.90,0.2976,-1,-1,-1
431,126,1540.56,592.71,84.43,206.54,0.4344,-1,-1,-1
431,123,800.21,543.63,64.07,133.72,0.4177,-1,-1,-1
431,122,303.28,713.69,137.00,327.11,0.5726,-1,-1,-1
431,119,1412.51,616.67,75.05,182.32,0.4846,-1,-1,-1
431,113,1013.63,561.43,46.45,121.25,0.4652,-1,-1,-1
431,94,613.75,916.26,103.74,162.70,0.5316,-1,-1,-1
432,145,960.83,564.22,35.59,104.81,0.4745,-1,-1,-1
432,143,988.33,557.53,52.95,129.88,0.5241,-1,-1,-1
432,139,519.02,807.01,93.57,167.56,0.4851,-1,-1,-1
432,138,1328.34,633.50,82.28,217.84,0.3290,-1,-1,-1
432,133,439.45,871.05,146.74,208.89,0.5054,-1,-1,-1
432,126,1515.25,591.65,84.62,206.06,0.6078,-1,-1,-1
432,123,781.90,537.32,66.12,135.08,0.2819,-1,-1,-1
432,122,243.96,716.41,167.54,351.88,0.3326,-1,-1,-1
432,119,1401.06,618.96,78.31,179.03,0.4413,-1,-1,-1
432,113,1028.02,556.06,41.37,116.07,0.3699,-1,-1,-1
432,94,571.89,926.69,102.95,152.97,0.6391,-1,-1,-1
433,145,963.45,561.89,56.34,131.40,0.4860,-1,-1,-1
433,139,481.55,814.76,84.06,156.61,0.5408,-1,-1,-1
433,138,1311.44,655.50,74.80,199.24,0.3046,-1,-1,-1
433,133,327.78,870.12,210.65,209.88,0.6784,-1,-1,-1
433,126,1496.54,596.08,93.43,212.20,0.5098,-1,-1,-1
433,123,759.04,539.79,59.70,138.20,0.4255,-1,-1,-1
433,122,211.92,726.98,152.26,322.92,0.5648,-1,-1,-1
433,119,1380.35,627.15,81.18,179.24,0.3765,-1,-1,-1
433,113,1005.92,558.63,44.91,115.40,0.2687,-1,-1,-1
433,94,525.59,938.03,108.61,141.97,0.6462,-1,-1,-1
434,146,937.97,562.15,60.23,130.31,0.5065,-1,-1,-1
434,145,984.43,556.89,43.67,122.17,0.2891,-1,-1,-1
434,139,433.73,817.92,93.56,174.01,0.5505,-1,-1,-1
434,138,1282.32,626.90,96.22,231.91,0.4436,-1,-1,-1
434,133,296.30,880.28,195.03,199.72,0.7393,-1,-1,-1
434,126,1475.81,594.39,76.88,210.35,0.5550,-1,-1,-1
434,123,739.46,538.62,59.31,134.68,0.3649,-1,-1,-1
434,122,162.38,729.25,96.92,340.40,0.6667,-1,-1,-1
434,120,801.81,541.90,59.59,123.61,0.2698,-1,-1,-1
434,119,1359.57,625.74,88.69,183.47,0.5637,-1,-1,-1
434,94,482.09,948.75,106.49,128.54,0.6239,-1,-1,-1
435,148,882.97,564.99,46.10,110.90,0.3151,-1,-1,-1
435,146,924.27,564.91,56.13,132.53,0.3001,-1,-1,-1
435,139,388.77,827.35,102.24,167.59,0.5314,-1,-1,-1
435,138,1265.73,639.72,85.20,225.38,0.4014,-1,-1,-1
435,133,265.98,889.05,177.90,190.95,0.7124,-1,-1,-1
435,126,1455.16,599.94,74.67,208.45,0.5298,-1,-1,-1
435,123,717.84,543.06,62.98,132.13,0.3425,-1,-1,-1
435,122,113.40,735.28,99.73,342.14,0.6873,-1,-1,-1
435,119,1343.02,629.85,82.45,180.37,0.5609,-1,-1,-1
435,113,964.43,557.44,43.24,124.19,0.2845,-1,-1,-1
435,94,429.70,961.38,111.80,117.96,0.6150,-1,-1,-1
436,148,873.50,567.88,34.46,113.75,0.3414,-1,-1,-1
436,146,898.07,565.69,58.09,129.88,0.4337,-1,-1,-1
436,139,339.13,832.06,98.33,178.09,0.5250,-1,-1,-1
436,138,1240.06,638.81,83.25,231.34,0.5580,-1,-1,-1
436,133,237.46,893.84,154.94,186.16,0.7745,-1,-1,-1
436,126,1431.20,601.00,74.11,208.38,0.6335,-1,-1,-1
436,123,694.62,542.35,56.39,134.50,0.4105,-1,-1,-1
436,122,57.83,735.33,107.68,343.01,0.7330,-1,-1,-1
436,119,1323.44,631.58,87.57,181.44,0.6079,-1,-1,-1
436,113,944.63,554.81,41.69,129.43,0.4440,-1,-1,-1
436,94,379.61,967.99,112.64,112.01,0.5863,-1,-1,-1
437,148,845.44,567.85,39.94,119.61,0.3731,-1,-1,-1
437,146,880.45,568.01,53.87,129.93,0.4127,-1,-1,-1
437,139,291.32,845.07,96.00,171.97,0.5842,-1,-1,-1
437,138,1224.56,645.57,74.09,232.08,0.5706,-1,-1,-1
437,133,182.30,904.41,160.31,175.59,0.7789,-1,-1,-1
437,126,1410.14,600.04,66.56,208.62,0.5367,-1,-1,-1
437,123,673.86,549.75,61.07,131.48,0.3874,-1,-1,-1
437,122,4.86,739.26,133.56,340.74,0.7426,-1,-1,-1
437,119,1300.87,632.92,89.38,182.68,0.6758,-1,-1,-1
437,113,922.21,559.30,45.11,129.46,0.5288,-1,-1,-1
437,94,329.15,977.52,98.67,100.95,0.5183,-1,-1,-1
438,148,826.34,567.21,34.90,117.00,0.2865,-1,-1,-1
438,146,858.38,567.10,56.49,133.32,0.4911,-1,-1,-1
438,139,241.56,837.57,98.01,194.51,0.4770,-1,-1,-1
438,138,1205.48,644.32,73.65,237.69,0.5704,-1,-1,-1
438,133,125.67,913.45,156.87,166.55,0.7473,-1,-1,-1
438,126,1385.40,596.28,67.01,208.14,0.6426,-1,-1,-1
438,123,649.99,547.18,62.70,133.89,0.5398,-1,-1,-1
438,122,0.26,738.14,66.13,281.79,0.4103,-1,-1,-1
438,120,717.54,545.74,54.38,132.01,0.2958,-1,-1,-1
438,119,1282.82,630.65,82.63,185.03,0.5936,-1,-1,-1
438,113,903.43,561.54,40.77,113.75,0.2840,-1,-1,-1
438,94,269.50,993.92,90.65,85.04,0.4964,-1,-1,-1
439,148,791.45,565.38,49.81,118.71,0.2839,-1,-1,-1
439,146,834.99,567.43,53.78,134.44,0.4638,-1,-1,-1
439,138,1178.98,646.22,87.70,240.49,0.6064,-1,-1,-1
439,133,66.67,921.63,154.39,158.37,0.7723,-1,-1,-1
439,126,1361.23,599.25,66.07,210.61,0.6038,-1,-1,-1
439,123,627.70,548.26,61.33,135.30,0.4494,-1,-1,-1
439,120,692.37,546.86,55.10,130.44,0.3095,-1,-1,-1
439,119,1264.22,632.12,76.10,182.64,0.5901,-1,-1,-1
439,113,881.89,560.97,40.95,121.82,0.3217,-1,-1,-1
439,94,208.40,1002.24,98.18,77.03,0.5590,-1,-1,-1
440,148,780.83,568.72,39.38,128.28,0.2864,-1,-1,-1
440,146,813.49,569.06,51.91,136.79,0.4419,-1,-1,-1
440,139,133.63,863.58,94.94,181.21,0.4745,-1,-1,-1
440,138,1151.64,655.69,93.68,238.42,0.6821,-1,-1,-1
440,133,1.25,932.01,160.94,147.99,0.7368,-1,-1,-1
440,126,1335.59,600.63,69.00,208.73,0.6070,-1,-1,-1
440,123,602.75,553.45,48.98,127.64,0.6285,-1,-1,-1
440,120,671.86,545.20,53.35,133.86,0.3846,-1,-1,-1
440,119,1242.83,633.83,79.67,192.46,0.5396,-1,-1,-1
440,113,860.94,562.55,43.50,129.32,0.2598,-1,-1,-1
440,94,148.74,1014.96,103.02,65.04,0.3626,-1,-1,-1
441,148,759.42,566.85,37.88,127.94,0.3928,-1,-1,-1
441,146,793.24,568.30,49.39,136.88,0.3847,-1,-1,-1
441,139,74.36,871.14,111.61,207.94,0.4315,-1,-1,-1
441,138,1128.02,657.08,97.80,239.26,0.7630,-1,-1,-1
441,133,0.55,942.76,92.95,137.24,0.5770,-1,-1,-1
441,126,1307.14,597.87,73.25,220.98,0.5848,-1,-1,-1
441,123,580.02,547.46,53.20,134.14,0.5486,-1,-1,-1
441,120,645.83,538.07,56.57,139.03,0.3379,-1,-1,-1
441,119,1224.46,633.01,72.92,196.60,0.5350,-1,-1,-1
441,113,836.44,561.30,44.83,132.78,0.4579,-1,-1,-1
442,148,737.44,570.28,35.13,130.80,0.4355,-1,-1,-1
442,146,769.58,567.84,49.12,139.08,0.4436,-1,-1,-1
442,139,3.43,880.61,122.08,197.76,0.6595,-1,-1,-1
442,138,1101.37,670.75,100.60,228.32,0.7682,-1,-1,-1
442,126,1285.47,601.03,68.97,214.54,0.6018,-1,-1,-1
442,123,555.19,550.09,50.85,129.90,0.5147,-1,-1,-1
442,120,621.08,536.00,60.22,144.83,0.3751,-1,-1,-1
442,119,1207.84,637.29,70.43,193.55,0.5192,-1,-1,-1
442,113,813.17,565.35,46.57,128.50,0.3317,-1,-1,-1
443,148,713.14,571.26,36.37,133.22,0.4566,-1,-1,-1
443,146,747.45,570.41,47.41,136.95,0.3591,-1,-1,-1
443,138,1078.97,675.25,108.29,225.69,0.7825,-1,-1,-1
443,126,1256.01,602.99,72.65,221.64,0.5905,-1,-1,-1
443,123,531.17,569.93,45.53,113.55,0.5186,-1,-1,-1
443,120,594.62,524.47,64.72,152.83,0.3990,-1,-1,-1
443,119,1185.48,636.75,72.69,198.22,0.6803,-1,-1,-1
443,113,790.08,567.98,48.82,128.76,0.2771,-1,-1,-1
444,148,690.42,573.44,35.95,130.92,0.3760,-1,-1,-1
444,146,721.71,567.65,49.37,141.41,0.3354,-1,-1,-1
444,138,1051.11,676.71,106.08,231.60,0.7158,-1,-1,-1
444,126,1230.44,604.77,74.98,215.95,0.6595,-1,-1,-1
444,123,504.29,566.82,45.81,117.19,0.5784,-1,-1,-1
444,119,1162.84,638.91,73.79,196.52,0.7124,-1,-1,-1
444,113,771.66,566.61,45.21,130.08,0.3312,-1,-1,-1
445,148,664.53,573.20,37.12,136.92,0.4711,-1,-1,-1
445,146,699.66,569.51,46.75,139.15,0.3693,-1,-1,-1
445,138,1026.79,676.78,98.22,235.11,0.7714,-1,-1,-1
445,126,1203.85,601.59,67.86,224.32,0.6144,-1,-1,-1
445,123,480.24,570.51,44.87,119.94,0.5718,-1,-1,-1
445,120,550.88,513.73,60.73,162.32,0.3545,-1,-1,-1
445,119,1138.85,636.74,76.73,204.75,0.6517,-1,-1,-1
445,113,742.47,566.61,46.78,133.71,0.3651,-1,-1,-1
446,148,639.83,573.42,38.25,135.94,0.3513,-1,-1,-1
446,146,673.71,567.41,48.21,144.45,0.4169,-1,-1,-1
446,138,998.52,675.33,97.17,242.98,0.7730,-1,-1,-1
446,126,1180.09,603.71,74.64,221.59,0.6724,-1,-1,-1
446,123,453.08,570.28,47.76,119.52,0.5701,-1,-1,-1
446,120,523.58,515.14,60.75,161.88,0.4142,-1,-1,-1
446,119,1116.59,641.30,74.94,199.55,0.6798,-1,-1,-1
447,149,1027.61,615.64,64.35,203.59,0.4357,-1,-1,-1
447,148,616.02,572.94,41.42,138.09,0.3543,-1,-1,-1
447,138,974.05,670.75,92.77,253.40,0.6439,-1,-1,-1
447,126,1153.93,600.91,72.42,224.10,0.6953,-1,-1,-1
447,123,426.08,572.92,47.75,117.98,0.5538,-1,-1,-1
447,120,497.85,516.22,61.82,159.55,0.3601,-1,-1,-1
447,119,1088.31,644.73,76.82,202.91,0.6834,-1,-1,-1
448,149,1000.44,615.89,64.33,156.71,0.3890,-1,-1,-1
448,148,568.53,569.81,57.33,144.44,0.2853,-1,-1,-1
448,138,941.41,670.22,94.15,255.14,0.6800,-1,-1,-1
448,126,1125.73,604.74,66.58,219.51,0.6608,-1,-1,-1
448,123,398.41,574.59,49.30,116.15,0.4296,-1,-1,-1
448,120,478.95,517.80,56.15,160.77,0.3581,-1,-1,-1
448,119,1067.66,639.71,73.71,204.47,0.6315,-1,-1,-1
449,148,537.33,564.94,51.32,150.88,0.4475,-1,-1,-1
449,138,911.44,669.98,109.77,269.61,0.6896,-1,-1,-1
449,126,1098.47,606.36,62.77,219.56,0.5668,-1,-1,-1
449,123,368.86,568.06,55.30,122.20,0.6232,-1,-1,-1
449,120,448.52,503.87,67.52,174.73,0.3373,-1,-1,-1
449,119,1040.40,639.11,80.33,209.38,0.6349,-1,-1,-1
449,113,652.08,561.51,45.71,136.14,0.3426,-1,-1,-1
450,150,1834.01,777.01,85.33,302.54,0.7835,-1,-1,-1
450,149,942.71,614.50,71.77,212.80,0.4250,-1,-1,-1
450,146,574.96,562.12,43.18,153.97,0.3127,-1,-1,-1
450,138,881.37,676.67,95.44,255.69,0.6483,-1,-1,-1
450,126,1071.56,606.58,59.99,220.00,0.4625,-1,-1,-1
450,123,339.34,567.53,54.86,122.38,0.5484,-1,-1,-1
450,119,1021.47,643.09,69.82,200.31,0.5216,-1,-1,-1
450,113,626.87,558.83,46.89,139.21,0.2810,-1,-1,-1
451,150,1803.35,774.35,116.30,304.58,0.8401,-1,-1,-1
451,149,916.78,617.42,69.58,215.41,0.4352,-1,-1,-1
451,148,515.38,566.55,39.78,152.32,0.2978,-1,-1,-1
451,138,849.20,683.77,89.91,269.27,0.7650,-1,-1,-1
451,126,1038.24,607.33,61.29,231.46,0.3174,-1,-1,-1
451,123,313.71,565.38,51.77,123.66,0.3530,-1,-1,-1
451,119,987.91,634.55,88.00,217.49,0.5234,-1,-1,-1
451,113,605.42,559.29,45.15,139.24,0.2980,-1,-1,-1
452,150,1771.90,774.21,147.42,303.28,0.8553,-1,-1,-1
452,149,896.04,620.77,63.72,214.81,0.3655,-1,-1,-1
452,148,486.25,567.45,40.08,148.51,0.3986,-1,-1,-1
452,138,817.30,688.13,103.88,270.79,0.8028,-1,-1,-1
452,123,284.27,567.79,46.26,123.69,0.4945,-1,-1,-1
452,120,367.35,546.64,49.57,130.68,0.2799,-1,-1,-1
452,119,964.55,612.52,88.56,242.21,0.4451,-1,-1,-1
453,150,1739.95,773.56,179.27,305.06,0.8488,-1,-1,-1
453,148,459.10,566.72,41.08,154.49,0.3806,-1,-1,-1
453,138,786.07,693.52,105.41,267.02,0.7357,-1,-1,-1
453,123,251.72,569.77,51.73,124.31,0.3510,-1,-1,-1
453,119,940.75,617.76,90.06,237.49,0.5614,-1,-1,-1
453,113,556.67,559.70,49.18,141.75,0.2745,-1,-1,-1
454,150,1710.18,771.19,184.76,308.41,0.8562,-1,-1,-1
454,149,841.89,617.58,64.09,216.05,0.4261,-1,-1,-1
454,148,429.08,570.59,43.45,156.28,0.4400,-1,-1,-1
454,138,749.17,695.74,103.66,271.29,0.7773,-1,-1,-1
454,123,225.15,571.69,51.18,124.05,0.3433,-1,-1,-1
454,119,915.06,612.83,80.73,246.96,0.6743,-1,-1,-1
454,113,525.48,561.64,52.87,140.59,0.3214,-1,-1,-1
455,150,1679.79,772.46,186.48,307.45,0.8523,-1,-1,-1
455,149,814.45,630.44,61.43,218.75,0.6826,-1,-1,-1
455,148,402.34,571.58,44.18,158.82,0.4812,-1,-1,-1
455,138,715.57,699.18,99.21,273.74,0.7854,-1,-1,-1
455,120,368.19,570.52,41.82,154.03,0.2506,-1,-1,-1
455,119,887.76,618.19,80.55,247.02,0.7287,-1,-1,-1
455,113,500.73,564.31,46.15,143.78,0.3968,-1,-1,-1
456,150,1644.91,766.46,190.62,312.49,0.8585,-1,-1,-1
456,149,782.47,628.75,66.87,225.36,0.5982,-1,-1,-1
456,148,373.34,572.07,41.73,161.90,0.3424,-1,-1,-1
456,138,678.76,694.63,90.37,294.60,0.7836,-1,-1,-1
456,119,860.55,613.70,77.26,250.40,0.6912,-1,-1,-1
456,113,475.88,560.46,46.30,146.89,0.4926,-1,-1,-1
457,150,1610.88,760.66,190.31,318.42,0.8524,-1,-1,-1
457,149,755.29,629.61,73.37,228.01,0.6255,-1,-1,-1
457,148,342.17,569.21,42.27,156.61,0.3937,-1,-1,-1
457,138,642.43,695.37,89.23,309.52,0.7722,-1,-1,-1
457,123,126.64,555.09,52.35,143.55,0.3178,-1,-1,-1
457,119,823.70,623.61,88.15,249.60,0.5786,-1,-1,-1
457,113,442.93,562.68,53.23,145.44,0.4456,-1,-1,-1
458,150,1576.13,760.38,192.47,318.21,0.8505,-1,-1,-1
458,149,719.93,637.22,70.52,224.57,0.6316,-1,-1,-1
458,148,311.36,572.79,45.28,164.65,0.4708,-1,-1,-1
458,138,605.94,700.70,103.20,317.02,0.7407,-1,-1,-1
458,123,87.03,548.55,64.47,153.05,0.5286,-1,-1,-1
458,119,794.17,622.45,89.60,256.43,0.7007,-1,-1,-1
458,113,410.90,560.13,58.15,148.88,0.4301,-1,-1,-1
459,150,1542.00,754.73,192.90,325.27,0.8502,-1,-1,-1
459,149,690.92,647.42,70.32,213.79,0.5329,-1,-1,-1
459,148,278.73,575.52,48.17,164.34,0.4416,-1,-1,-1
459,138,563.08,704.17,103.46,324.16,0.7353,-1,-1,-1
459,123,54.11,556.55,58.16,149.46,0.4968,-1,-1,-1
459,119,766.64,677.80,87.52,204.19,0.4768,-1,-1,-1
460,150,1507.37,758.02,192.39,321.79,0.8536,-1,-1,-1
460,149,658.05,648.96,72.08,223.08,0.6612,-1,-1,-1
460,148,247.06,579.14,47.22,160.76,0.3299,-1,-1,-1
460,138,517.38,707.13,105.56,336.24,0.7355,-1,-1,-1
460,119,726.50,671.18,97.92,216.80,0.6046,-1,-1,-1
460,113,357.82,567.73,58.53,149.90,0.4218,-1,-1,-1
461,150,1473.64,761.10,188.01,318.90,0.8649,-1,-1,-1
461,149,622.53,651.51,73.19,228.41,0.6034,-1,-1,-1
461,148,218.55,580.36,45.32,160.77,0.3329,-1,-1,-1
461,138,469.91,726.25,109.39,328.52,0.7103,-1,-1,-1
461,123,0.16,555.22,34.42,156.00,0.3966,-1,-1,-1
461,119,704.88,639.44,84.46,253.73,0.6979,-1,-1,-1
461,113,328.62,563.43,48.76,155.96,0.3654,-1,-1,-1
462,150,1440.10,775.50,187.41,304.50,0.8505,-1,-1,-1
462,149,591.45,651.33,73.52,231.47,0.5048,-1,-1,-1
462,148,182.84,579.55,49.91,169.92,0.4218,-1,-1,-1
462,138,423.54,734.43,122.83,323.96,0.7560,-1,-1,-1
462,123,8.74,553.92,70.76,158.81,0.3408,-1,-1,-1
462,120,225.98,581.14,57.00,154.63,0.2577,-1,-1,-1
462,119,669.52,633.04,92.03,265.22,0.5890,-1,-1,-1
462,113,298.78,567.57,53.61,152.41,0.3399,-1,-1,-1
463,150,1404.90,791.00,184.97,289.00,0.8486,-1,-1,-1
463,149,553.91,652.55,77.86,235.65,0.5829,-1,-1,-1
463,148,141.12,588.66,61.43,162.29,0.3593,-1,-1,-1
463,146,268.33,579.40,56.27,145.39,0.2645,-1,-1,-1
463,138,380.17,740.82,127.37,327.94,0.7758,-1,-1,-1
463,119,632.69,648.88,107.47,257.89,0.7212,-1,-1,-1
464,150,1370.48,804.36,185.93,275.64,0.8722,-1,-1,-1
464,149,518.37,658.52,88.63,236.01,0.5353,-1,-1,-1
464,148,104.69,589.13,60.75,168.48,0.3384,-1,-1,-1
464,146,231.19,578.86,62.92,151.13,0.2678,-1,-1,-1
464,138,330.48,750.55,142.07,326.65,0.6680,-1,-1,-1
464,119,597.44,644.23,109.10,266.46,0.6788,-1,-1,-1
465,157,122.25,575.75,58.94,167.88,0.3645,-1,-1,-1
465,150,1334.83,819.56,185.80,260.44,0.8568,-1,-1,-1
465,149,484.04,655.55,87.45,241.06,0.6626,-1,-1,-1
465,148,67.06,585.39,62.74,172.23,0.2974,-1,-1,-1
465,138,278.37,749.13,160.04,330.87,0.7200,-1,-1,-1
465,119,556.77,647.86,114.26,267.84,0.7090,-1,-1,-1
466,150,1300.65,829.98,185.13,250.02,0.8279,-1,-1,-1
466,149,444.13,649.97,96.68,253.81,0.6196,-1,-1,-1
466,148,26.33,593.39,69.62,168.93,0.3247,-1,-1,-1
466,146,169.23,554.04,70.55,183.98,0.3155,-1,-1,-1
466,138,221.32,758.53,173.10,321.47,0.8048,-1,-1,-1
466,119,528.16,686.06,106.35,240.95,0.6716,-1,-1,-1
467,150,1269.04,840.08,181.27,238.92,0.7981,-1,-1,-1
467,149,404.10,664.41,105.51,248.37,0.5689,-1,-1,-1
467,148,0.18,582.80,49.31,175.10,0.2725,-1,-1,-1
467,146,132.55,560.83,76.04,178.99,0.3775,-1,-1,-1
467,138,168.54,763.67,176.91,316.33,0.8410,-1,-1,-1
467,119,488.15,683.91,113.99,250.03,0.6665,-1,-1,-1
468,150,1235.60,850.29,178.97,229.71,0.8419,-1,-1,-1
468,149,371.29,664.35,82.83,252.44,0.3703,-1,-1,-1
468,138,110.45,764.15,184.08,314.11,0.8536,-1,-1,-1
468,120,111.73,579.77,60.58,167.25,0.3263,-1,-1,-1
468,119,453.70,699.05,105.50,239.53,0.6066,-1,-1,-1
469,150,1205.14,855.70,171.68,223.72,0.8573,-1,-1,-1
469,149,331.28,667.75,72.65,237.60,0.5330,-1,-1,-1
469,138,49.53,774.40,190.30,303.90,0.8414,-1,-1,-1
469,119,411.13,696.88,113.25,246.27,0.5592,-1,-1,-1
470,150,1169.93,854.21,172.22,225.79,0.8428,-1,-1,-1
470,149,288.45,659.43,106.87,271.69,0.5168,-1,-1,-1
470,138,0.58,775.32,181.89,304.68,0.8448,-1,-1,-1
470,119,372.56,699.17,112.18,252.19,0.6652,-1,-1,-1
471,150,1131.08,851.67,173.51,227.95,0.8499,-1,-1,-1
471,149,249.42,659.14,96.39,278.79,0.5281,-1,-1,-1
471,138,0.38,784.41,128.18,291.78,0.7705,-1,-1,-1
471,119,338.54,698.36,108.89,256.23,0.6806,-1,-1,-1
472,150,1091.75,850.20,175.32,229.80,0.8267,-1,-1,-1
472,149,212.03,651.91,111.38,284.38,0.5760,-1,-1,-1
472,119,297.16,698.03,108.86,257.52,0.6604,-1,-1,-1
473,150,1051.63,850.22,178.78,229.78,0.8491,-1,-1,-1
473,149,166.19,659.95,111.15,287.99,0.5628,-1,-1,-1
473,119,260.87,697.98,104.27,262.52,0.6885,-1,-1,-1
474,150,1010.82,849.95,183.25,230.05,0.8508,-1,-1,-1
474,149,124.12,656.18,112.94,292.51,0.6520,-1,-1,-1
474,119,220.88,703.79,98.10,259.86,0.6903,-1,-1,-1
475,150,970.74,850.34,178.22,229.16,0.8338,-1,-1,-1
475,149,76.30,665.61,97.06,288.16,0.5921,-1,-1,-1
475,119,177.22,700.74,99.77,271.63,0.7059,-1,-1,-1
476,150,928.99,859.73,170.63,220.27,0.7548,-1,-1,-1
476,149,27.33,686.35,102.57,269.96,0.6379,-1,-1,-1
476,119,126.69,704.99,111.05,272.69,0.7533,-1,-1,-1
477,150,885.50,864.17,193.50,215.83,0.6598,-1,-1,-1
477,149,0.00,716.95,77.82,235.99,0.3805,-1,-1,-1
477,119,77.33,704.04,113.15,282.33,0.7144,-1,-1,-1
478,150,840.89,869.90,195.07,210.10,0.7546,-1,-1,-1
478,119,23.08,716.31,90.37,240.72,0.3684,-1,-1,-1
479,150,795.40,883.93,191.86,196.07,0.6746,-1,-1,-1
480,150,749.67,891.91,190.45,188.09,0.6640,-1,-1,-1
481,162,1869.45,656.25,49.89,140.77,0.3356,-1,-1,-1
481,150,704.16,879.61,185.86,200.39,0.7855,-1,-1,-1
482,163,1764.58,648.62,80.13,136.25,0.4622,-1,-1,-1
482,162,1827.26,656.25,90.35,235.79,0.6723,-1,-1,-1
482,150,691.95,876.99,150.34,203.01,0.7741,-1,-1,-1
483,163,1719.34,648.75,81.91,140.46,0.4869,-1,-1,-1
483,162,1790.16,657.38,98.31,235.20,0.7170,-1,-1,-1
483,150,612.80,876.94,175.24,202.66,0.8149,-1,-1,-1
484,163,1679.98,646.02,80.86,285.76,0.4630,-1,-1,-1
484,162,1749.38,656.14,95.74,239.95,0.6562,-1,-1,-1
484,150,560.16,875.87,176.94,203.46,0.8335,-1,-1,-1
485,162,1708.89,658.79,89.94,235.24,0.6314,-1,-1,-1
485,150,509.38,878.03,173.53,201.39,0.8322,-1,-1,-1
486,162,1670.95,656.96,82.37,204.29,0.6011,-1,-1,-1
486,150,457.84,879.94,173.12,198.11,0.8497,-1,-1,-1
487,163,1554.58,646.10,82.74,300.00,0.3261,-1,-1,-1
487,162,1629.65,659.54,83.02,204.02,0.3948,-1,-1,-1
487,150,403.40,890.79,173.27,188.04,0.8557,-1,-1,-1
488,163,1511.00,647.33,88.77,241.61,0.3613,-1,-1,-1
488,162,1587.64,660.13,79.31,152.88,0.3911,-1,-1,-1
488,150,350.18,902.96,172.74,176.20,0.8582,-1,-1,-1
489,163,1453.56,651.32,103.19,244.65,0.6564,-1,-1,-1
489,162,1550.61,660.92,71.12,143.51,0.3816,-1,-1,-1
489,150,302.98,917.72,165.66,160.83,0.8445,-1,-1,-1
490,163,1408.19,661.30,106.37,238.57,0.6961,-1,-1,-1
490,162,1506.20,667.57,74.51,140.45,0.4470,-1,-1,-1
490,150,255.93,930.22,155.41,148.85,0.8214,-1,-1,-1
491,163,1366.14,665.06,100.03,240.04,0.7025,-1,-1,-1
491,162,1453.15,672.73,85.93,139.84,0.3424,-1,-1,-1
491,150,206.85,946.30,150.94,133.70,0.8063,-1,-1,-1
492,163,1330.45,668.52,95.36,241.86,0.6259,-1,-1,-1
492,162,1411.61,677.84,88.77,141.76,0.3353,-1,-1,-1
492,150,154.99,951.46,149.07,128.54,0.8022,-1,-1,-1
493,163,1291.64,668.17,88.98,250.90,0.6423,-1,-1,-1
493,162,1372.36,678.46,81.08,137.02,0.3803,-1,-1,-1
493,150,99.74,959.14,151.09,120.86,0.8062,-1,-1,-1
494,163,1255.33,672.27,78.54,257.90,0.6540,-1,-1,-1
494,162,1328.05,682.46,80.53,142.17,0.4807,-1,-1,-1
494,150,40.84,965.00,147.92,115.00,0.7975,-1,-1,-1
495,163,1217.58,678.28,65.33,257.71,0.5880,-1,-1,-1
495,162,1284.63,688.45,77.75,143.68,0.4730,-1,-1,-1
495,150,0.00,965.61,129.42,114.28,0.8047,-1,-1,-1
496,163,1173.80,682.13,68.07,267.40,0.6292,-1,-1,-1
496,162,1239.08,695.27,76.18,143.86,0.2925,-1,-1,-1
496,150,0.10,966.26,58.95,113.74,0.5919,-1,-1,-1
497,163,1128.80,681.37,64.24,266.29,0.5991,-1,-1,-1
497,162,1168.99,689.56,106.52,274.01,0.5610,-1,-1,-1
498,163,1078.58,679.35,72.86,271.16,0.6583,-1,-1,-1
498,162,1131.70,690.39,93.79,252.65,0.4747,-1,-1,-1
499,163,1029.18,681.16,74.60,270.44,0.6608,-1,-1,-1
499,162,1099.43,687.36,87.61,261.67,0.5535,-1,-1,-1
500,163,980.61,678.57,82.29,270.78,0.7314,-1,-1,-1
500,162,1054.35,687.14,83.73,256.53,0.6235,-1,-1,-1
501,163,931.89,680.63,91.80,273.33,0.7282,-1,-1,-1
501,162,1009.03,687.26,85.19,271.13,0.6590,-1,-1,-1
502,163,882.77,681.15,93.98,270.15,0.6859,-1,-1,-1
502,162,963.26,685.62,80.95,273.34,0.5906,-1,-1,-1
503,163,834.92,683.31,97.76,267.16,0.6909,-1,-1,-1
503,162,915.46,684.06,79.72,269.74,0.5857,-1,-1,-1
504,167,1828.74,646.29,84.67,170.91,0.7213,-1,-1,-1
504,163,785.42,682.17,99.23,274.56,0.7613,-1,-1,-1
504,162,872.87,687.01,80.25,278.37,0.5891,-1,-1,-1
505,167,1795.92,645.27,81.16,176.64,0.6050,-1,-1,-1
505,163,736.37,682.95,100.21,289.49,0.7849,-1,-1,-1
505,162,826.51,692.45,82.40,299.40,0.5896,-1,-1,-1
506,168,1845.81,658.20,60.87,179.41,0.6141,-1,-1,-1
506,167,1765.19,655.62,76.71,166.17,0.6666,-1,-1,-1
506,163,686.30,689.01,92.59,293.95,0.7063,-1,-1,-1
506,162,770.18,696.97,91.22,299.09,0.5742,-1,-1,-1
507,168,1812.24,653.23,80.44,182.18,0.7320,-1,-1,-1
507,167,1738.78,656.58,67.66,165.32,0.6425,-1,-1,-1
507,163,639.36,692.78,88.15,291.59,0.7606,-1,-1,-1
507,162,686.88,701.64,120.60,312.95,0.7068,-1,-1,-1
508,168,1779.15,661.12,77.03,178.30,0.6041,-1,-1,-1
508,167,1700.33,655.55,76.28,167.72,0.5621,-1,-1,-1
508,163,592.57,699.03,83.49,294.97,0.7602,-1,-1,-1
508,162,638.79,711.13,121.27,324.99,0.7299,-1,-1,-1
509,169,1772.12,551.50,41.54,87.09,0.2964,-1,-1,-1
509,168,1744.33,660.33,75.59,180.85,0.7211,-1,-1,-1
509,167,1667.23,665.88,76.97,169.40,0.6941,-1,-1,-1
509,163,542.84,708.32,79.95,304.58,0.6886,-1,-1,-1
509,162,593.95,717.24,112.16,319.74,0.7480,-1,-1,-1
510,168,1709.78,667.59,74.99,181.36,0.6902,-1,-1,-1
510,167,1637.69,670.36,69.93,167.43,0.6838,-1,-1,-1
510,163,487.59,711.71,86.65,304.52,0.6367,-1,-1,-1
510,162,549.12,724.22,105.76,329.00,0.6782,-1,-1,-1
511,168,1676.42,668.33,69.14,182.80,0.7264,-1,-1,-1
511,167,1597.82,672.63,71.98,169.67,0.7165,-1,-1,-1
511,163,433.70,720.15,88.00,295.18,0.6165,-1,-1,-1
511,162,496.80,734.21,106.22,326.77,0.7495,-1,-1,-1
512,168,1640.22,672.90,75.59,184.85,0.6744,-1,-1,-1
512,167,1558.73,670.35,79.66,179.65,0.7047,-1,-1,-1
512,163,378.96,727.94,87.58,314.18,0.5389,-1,-1,-1
512,162,417.06,744.74,136.01,317.98,0.7187,-1,-1,-1
513,168,1607.52,672.02,67.99,190.05,0.6596,-1,-1,-1
513,167,1523.88,670.79,82.56,179.32,0.7514,-1,-1,-1
513,163,276.05,733.73,132.88,315.56,0.6430,-1,-1,-1
513,162,373.41,748.73,125.12,331.27,0.7005,-1,-1,-1
514,173,1627.91,560.82,34.76,80.14,0.3212,-1,-1,-1
514,168,1568.26,672.01,79.59,197.72,0.6805,-1,-1,-1
514,167,1493.74,675.76,74.92,178.79,0.6380,-1,-1,-1
514,163,206.52,740.50,146.80,323.66,0.5430,-1,-1,-1
514,162,309.53,753.93,132.04,324.68,0.7654,-1,-1,-1
515,168,1537.29,673.54,69.91,198.86,0.6554,-1,-1,-1
515,167,1463.60,673.87,73.29,179.72,0.7028,-1,-1,-1
515,163,151.76,750.41,153.68,326.38,0.3857,-1,-1,-1
515,162,261.98,759.96,125.11,318.71,0.6420,-1,-1,-1
516,175,1574.78,561.69,29.96,75.29,0.3186,-1,-1,-1
516,168,1505.08,679.28,72.03,198.20,0.6131,-1,-1,-1
516,167,1430.72,674.08,71.71,179.20,0.7503,-1,-1,-1
516,163,99.35,753.65,129.28,326.35,0.3563,-1,-1,-1
516,162,203.58,764.15,117.93,312.37,0.6316,-1,-1,-1
517,177,1850.39,730.77,68.99,277.76,0.6684,-1,-1,-1
517,176,1547.50,561.22,30.45,70.64,0.2909,-1,-1,-1
517,168,1473.06,673.12,74.63,201.21,0.6680,-1,-1,-1
517,167,1395.67,672.90,76.59,185.54,0.6918,-1,-1,-1
517,163,81.53,758.14,81.87,256.20,0.3544,-1,-1,-1
517,162,108.24,769.69,158.55,309.57,0.7482,-1,-1,-1
518,177,1821.97,732.06,91.95,273.73,0.6593,-1,-1,-1
518,168,1444.04,682.68,53.09,190.35,0.6109,-1,-1,-1
518,167,1358.12,676.26,83.88,184.37,0.5467,-1,-1,-1
518,163,6.29,759.78,99.84,311.52,0.4854,-1,-1,-1
518,162,64.69,777.87,137.91,302.13,0.6758,-1,-1,-1
519,177,1778.29,732.60,106.60,271.44,0.7417,-1,-1,-1
519,168,1411.58,677.21,60.75,194.76,0.6635,-1,-1,-1
519,167,1321.03,675.70,87.07,186.70,0.6924,-1,-1,-1
519,162,1.17,784.87,148.72,294.79,0.8029,-1,-1,-1
520,177,1749.40,733.40,102.28,274.10,0.5995,-1,-1,-1
520,168,1375.10,677.07,76.99,197.01,0.7171,-1,-1,-1
520,167,1287.83,675.73,87.30,188.43,0.7500,-1,-1,-1
520,162,0.71,791.19,83.83,287.36,0.3791,-1,-1,-1
521,177,1710.33,731.64,109.28,276.16,0.5822,-1,-1,-1
521,168,1349.02,679.05,69.25,203.81,0.7112,-1,-1,-1
521,167,1253.84,682.12,88.42,182.96,0.7217,-1,-1,-1
522,183,1375.50,569.58,47.49,101.38,0.5403,-1,-1,-1
522,177,1661.35,731.92,122.26,277.62,0.3797,-1,-1,-1
522,168,1315.44,677.46,66.89,202.39,0.6762,-1,-1,-1
522,167,1226.57,680.20,81.07,185.11,0.7215,-1,-1,-1
523,183,1350.64,569.11,51.75,102.08,0.5400,-1,-1,-1
523,177,1643.39,729.41,114.18,268.27,0.6685,-1,-1,-1
523,168,1280.37,679.40,74.76,206.35,0.7021,-1,-1,-1
523,167,1194.95,685.12,77.13,180.36,0.7331,-1,-1,-1
524,183,1323.76,570.70,53.89,100.61,0.5656,-1,-1,-1
524,177,1611.50,726.19,111.35,276.19,0.6905,-1,-1,-1
524,168,1250.63,682.05,73.21,206.34,0.7239,-1,-1,-1
524,167,1166.46,687.07,75.25,185.34,0.7118,-1,-1,-1
525,183,1299.91,569.83,53.43,101.84,0.5810,-1,-1,-1
525,177,1578.59,728.12,114.88,274.51,0.7927,-1,-1,-1
525,168,1214.72,677.31,74.00,214.60,0.6373,-1,-1,-1
525,167,1133.82,680.34,71.03,195.33,0.6775,-1,-1,-1
526,183,1276.31,573.24,48.57,98.99,0.5844,-1,-1,-1
526,177,1544.79,723.37,115.38,276.77,0.7742,-1,-1,-1
526,168,1176.74,678.13,82.24,220.30,0.7257,-1,-1,-1
526,167,1100.47,685.84,71.34,195.37,0.7436,-1,-1,-1
527,183,1254.05,573.11,46.67,99.37,0.5493,-1,-1,-1
527,177,1514.53,723.22,112.07,273.08,0.5372,-1,-1,-1
527,168,1143.04,682.55,81.18,219.45,0.6787,-1,-1,-1
527,167,1072.10,684.34,69.51,195.58,0.6846,-1,-1,-1
528,183,1229.88,572.51,49.61,100.44,0.6030,-1,-1,-1
528,177,1477.95,726.58,116.56,268.91,0.7009,-1,-1,-1
528,168,1108.90,685.46,85.83,223.32,0.7574,-1,-1,-1
528,167,1037.00,685.99,71.47,202.80,0.6997,-1,-1,-1
529,183,1207.23,572.22,48.01,101.28,0.5896,-1,-1,-1
529,177,1440.27,727.06,123.09,277.06,0.6292,-1,-1,-1
529,168,1063.14,688.72,99.31,228.00,0.7584,-1,-1,-1
529,167,1003.17,687.81,74.41,209.35,0.7331,-1,-1,-1
530,183,1184.12,572.76,45.65,100.65,0.6145,-1,-1,-1
530,177,1409.77,729.43,126.09,287.47,0.7403,-1,-1,-1
530,168,1030.65,691.53,100.40,229.87,0.6775,-1,-1,-1
530,167,969.00,697.96,75.78,208.96,0.6681,-1,-1,-1
531,183,1162.73,570.28,44.75,103.17,0.6201,-1,-1,-1
531,177,1380.22,726.70,129.89,292.73,0.8185,-1,-1,-1
531,168,995.82,697.73,106.39,230.64,0.7042,-1,-1,-1
531,167,936.25,699.99,76.42,205.02,0.6237,-1,-1,-1
532,183,1142.86,570.89,44.32,106.03,0.6682,-1,-1,-1
532,177,1353.43,734.38,135.21,290.23,0.7072,-1,-1,-1
532,168,962.24,703.39,106.59,238.82,0.6895,-1,-1,-1
532,167,896.56,702.94,85.88,212.60,0.6622,-1,-1,-1
533,183,1118.65,569.60,46.32,107.82,0.6541,-1,-1,-1
533,177,1328.66,736.32,112.51,292.58,0.7369,-1,-1,-1
533,168,939.00,702.32,98.77,242.31,0.7112,-1,-1,-1
533,167,859.91,708.02,86.10,208.19,0.6865,-1,-1,-1
534,183,1097.89,570.77,44.31,109.22,0.6534,-1,-1,-1
534,177,1300.73,738.05,111.73,293.25,0.7131,-1,-1,-1
534,168,914.01,706.39,93.73,232.50,0.7622,-1,-1,-1
534,167,834.09,704.53,83.39,212.65,0.6525,-1,-1,-1
535,183,1076.16,569.72,42.31,110.57,0.6551,-1,-1,-1
535,177,1275.99,739.65,110.38,293.89,0.7396,-1,-1,-1
535,168,882.39,707.66,89.70,244.27,0.7502,-1,-1,-1
535,167,803.10,705.05,82.33,224.04,0.6751,-1,-1,-1
536,183,1057.89,575.53,43.13,107.57,0.5825,-1,-1,-1
536,177,1251.18,738.41,108.04,292.99,0.7715,-1,-1,-1
536,168,845.20,706.55,94.04,251.60,0.8327,-1,-1,-1
536,167,770.79,705.74,75.99,228.27,0.6747,-1,-1,-1
537,183,1036.02,576.17,43.99,106.58,0.6602,-1,-1,-1
537,177,1224.41,733.30,104.26,297.91,0.6899,-1,-1,-1
537,168,818.97,710.24,85.09,251.97,0.7013,-1,-1,-1
537,167,738.38,703.74,64.00,238.26,0.6369,-1,-1,-1
538,183,1016.60,578.62,44.33,109.52,0.6525,-1,-1,-1
538,177,1197.28,736.16,104.63,293.63,0.7852,-1,-1,-1
538,168,777.04,709.62,89.80,260.88,0.6952,-1,-1,-1
538,167,702.22,709.48,66.44,232.02,0.5697,-1,-1,-1
539,183,996.18,577.30,43.09,110.46,0.6729,-1,-1,-1
539,177,1171.88,735.06,106.46,296.70,0.7507,-1,-1,-1
539,168,744.35,714.31,91.73,268.96,0.7926,-1,-1,-1
539,167,666.07,714.48,73.19,230.27,0.7134,-1,-1,-1
540,183,977.50,578.43,43.98,112.30,0.6849,-1,-1,-1
540,177,1141.05,738.44,105.57,303.81,0.7527,-1,-1,-1
540,168,715.80,718.15,79.06,267.67,0.6594,-1,-1,-1
540,167,618.16,717.88,92.67,241.03,0.6407,-1,-1,-1
541,183,956.66,579.95,43.56,112.97,0.6275,-1,-1,-1
541,177,1112.97,741.94,102.78,302.09,0.7251,-1,-1,-1
541,168,669.53,724.77,101.32,275.42,0.6790,-1,-1,-1
541,167,570.03,722.94,107.24,249.38,0.7052,-1,-1,-1
542,183,936.91,583.77,47.73,111.31,0.7009,-1,-1,-1
542,177,1068.59,751.40,120.45,313.08,0.6380,-1,-1,-1
542,168,632.08,731.71,104.45,272.60,0.7086,-1,-1,-1
542,167,523.06,725.32,121.80,249.45,0.6912,-1,-1,-1
543,183,916.78,584.39,48.29,110.73,0.6851,-1,-1,-1
543,177,1051.82,752.99,111.42,305.83,0.7283,-1,-1,-1
543,168,597.31,736.71,102.12,281.67,0.7804,-1,-1,-1
543,167,486.88,732.54,129.90,256.42,0.7032,-1,-1,-1
544,183,895.48,585.86,47.08,112.00,0.7090,-1,-1,-1
544,177,1025.55,760.57,110.08,308.98,0.7081,-1,-1,-1
544,168,558.40,748.28,106.83,300.48,0.7091,-1,-1,-1
544,167,450.06,747.42,133.98,259.86,0.7274,-1,-1,-1
545,183,876.73,583.58,50.55,112.27,0.7021,-1,-1,-1
545,177,991.19,755.39,116.35,316.29,0.7430,-1,-1,-1
545,168,526.51,747.19,107.51,293.93,0.7578,-1,-1,-1
545,167,421.10,747.34,134.07,246.71,0.7176,-1,-1,-1
546,183,857.16,585.11,47.91,111.86,0.7116,-1,-1,-1
546,177,971.56,757.89,112.15,309.14,0.6960,-1,-1,-1
546,168,487.20,749.42,111.75,303.60,0.7639,-1,-1,-1
546,167,388.42,744.69,120.95,260.05,0.7419,-1,-1,-1
547,183,837.50,584.52,50.95,112.42,0.7228,-1,-1,-1
547,177,934.94,754.94,123.67,313.75,0.7429,-1,-1,-1
547,168,456.66,753.43,101.03,297.21,0.8201,-1,-1,-1
547,167,359.79,747.03,101.59,264.24,0.7223,-1,-1,-1
548,183,818.40,584.94,52.39,112.22,0.7541,-1,-1,-1
548,177,914.90,762.27,116.17,302.64,0.7660,-1,-1,-1
548,168,415.56,752.77,99.26,305.95,0.7997,-1,-1,-1
548,167,317.99,751.71,101.30,274.43,0.7353,-1,-1,-1
549,183,796.56,581.78,54.07,114.05,0.7152,-1,-1,-1
549,177,884.03,752.57,122.15,312.21,0.7788,-1,-1,-1
549,168,373.35,758.12,109.54,311.93,0.7927,-1,-1,-1
549,167,280.41,759.96,102.61,270.32,0.7634,-1,-1,-1
550,183,779.26,583.44,53.09,116.10,0.7180,-1,-1,-1
550,177,861.77,758.42,117.39,309.45,0.7359,-1,-1,-1
550,168,333.53,759.88,118.12,313.11,0.7553,-1,-1,-1
550,167,241.91,758.82,98.90,284.44,0.7293,-1,-1,-1
551,183,760.95,585.39,50.87,116.16,0.6974,-1,-1,-1
551,177,846.91,775.08,108.08,293.54,0.6297,-1,-1,-1
551,168,289.13,765.41,108.23,306.26,0.7213,-1,-1,-1
551,167,196.14,762.20,99.52,299.30,0.7373,-1,-1,-1
552,183,742.29,584.79,55.50,114.59,0.7550,-1,-1,-1
552,177,802.96,713.41,127.49,364.07,0.7284,-1,-1,-1
552,168,241.84,768.59,114.44,310.37,0.7925,-1,-1,-1
552,167,154.87,768.72,100.74,307.65,0.6995,-1,-1,-1
553,183,723.23,582.14,56.03,118.37,0.7020,-1,-1,-1
553,177,792.44,745.43,116.27,334.31,0.7112,-1,-1,-1
553,168,190.96,777.44,118.91,302.21,0.7402,-1,-1,-1
553,167,105.73,774.22,102.22,305.78,0.6905,-1,-1,-1
554,183,703.60,581.93,56.69,119.50,0.7027,-1,-1,-1
554,177,766.52,759.09,118.37,320.35,0.7557,-1,-1,-1
554,168,141.12,783.20,127.11,296.80,0.7760,-1,-1,-1
554,167,62.89,782.51,104.97,296.21,0.7074,-1,-1,-1
555,194,765.34,545.42,39.68,79.80,0.4226,-1,-1,-1
555,183,688.03,584.80,51.71,118.23,0.7199,-1,-1,-1
555,177,718.58,760.50,141.86,311.71,0.7076,-1,-1,-1
555,168,97.00,797.46,136.62,282.54,0.7606,-1,-1,-1
555,167,15.62,791.89,108.19,286.70,0.7458,-1,-1,-1
556,183,668.58,580.59,54.50,120.88,0.7647,-1,-1,-1
556,177,699.34,763.39,130.77,297.32,0.7482,-1,-1,-1
556,168,50.87,805.88,125.93,273.47,0.7983,-1,-1,-1
556,167,0.26,798.51,72.58,281.49,0.6618,-1,-1,-1
557,194,736.37,546.28,37.95,77.70,0.4042,-1,-1,-1
557,183,651.14,578.84,52.24,121.15,0.7397,-1,-1,-1
557,177,683.84,765.98,122.10,313.91,0.7032,-1,-1,-1
557,168,0.39,816.46,126.17,262.50,0.8289,-1,-1,-1
558,183,631.85,576.38,55.85,125.52,0.7541,-1,-1,-1
558,177,652.62,764.08,126.21,310.97,0.7617,-1,-1,-1
558,168,0.29,818.45,64.76,256.52,0.7041,-1,-1,-1
559,194,701.09,539.35,36.84,82.85,0.3745,-1,-1,-1
559,183,615.59,576.36,53.36,126.14,0.7400,-1,-1,-1
559,177,627.13,765.34,127.91,311.11,0.8016,-1,-1,-1
560,194,688.46,536.82,39.83,83.98,0.3472,-1,-1,-1
560,183,597.10,581.25,52.89,125.48,0.7687,-1,-1,-1
560,177,608.83,759.39,122.17,320.61,0.7896,-1,-1,-1
561,194,676.82,547.31,27.74,71.32,0.2699,-1,-1,-1
561,183,578.95,574.81,59.01,131.65,0.7432,-1,-1,-1
561,177,578.23,757.38,126.05,322.62,0.8302,-1,-1,-1
562,194,667.43,544.46,26.59,78.06,0.3070,-1,-1,-1
562,183,561.14,580.91,58.52,129.31,0.7125,-1,-1,-1
562,177,550.91,757.53,127.73,322.47,0.7907,-1,-1,-1
563,183,544.61,584.02,61.19,130.23,0.7620,-1,-1,-1
563,177,530.27,756.68,120.71,323.04,0.8607,-1,-1,-1
564,183,531.45,586.01,59.70,126.84,0.6849,-1,-1,-1
564,177,502.48,759.19,124.92,320.81,0.8215,-1,-1,-1
565,183,512.54,583.80,60.79,132.45,0.7126,-1,-1,-1
565,177,472.13,761.90,132.12,318.10,0.7227,-1,-1,-1
566,183,494.92,585.55,65.58,130.34,0.7681,-1,-1,-1
566,177,435.21,767.13,146.68,312.87,0.7203,-1,-1,-1
567,183,481.30,588.08,62.49,132.62,0.7734,-1,-1,-1
567,177,417.03,779.66,140.92,300.34,0.8360,-1,-1,-1
568,183,462.05,587.85,64.69,134.56,0.7325,-1,-1,-1
568,177,378.13,786.14,154.38,292.47,0.7891,-1,-1,-1
569,183,441.17,588.25,72.17,136.65,0.6931,-1,-1,-1
569,177,356.69,790.47,155.43,289.53,0.7919,-1,-1,-1
570,183,428.97,588.09,67.78,139.25,0.7264,-1,-1,-1
570,177,329.66,790.18,156.02,288.79,0.7938,-1,-1,-1
571,195,1325.48,528.98,26.42,61.71,0.2960,-1,-1,-1
571,183,413.72,591.62,68.05,138.40,0.7138,-1,-1,-1
571,177,304.96,795.49,156.78,284.51,0.8197,-1,-1,-1
572,196,1855.87,588.17,63.54,163.80,0.4283,-1,-1,-1
572,183,396.26,595.73,69.41,137.04,0.6665,-1,-1,-1
572,177,283.86,798.11,150.31,278.62,0.5795,-1,-1,-1
573,196,1864.66,590.16,54.70,160.74,0.4557,-1,-1,-1
573,183,380.81,594.18,67.94,142.50,0.7178,-1,-1,-1
573,177,264.62,797.90,145.74,230.21,0.5712,-1,-1,-1
574,196,1857.19,588.29,51.66,161.11,0.4108,-1,-1,-1
574,183,365.49,597.97,71.01,140.90,0.7035,-1,-1,-1
574,177,221.69,799.49,159.24,280.08,0.5440,-1,-1,-1
575,183,344.55,598.31,73.80,140.13,0.7106,-1,-1,-1
575,177,205.60,799.71,148.06,231.37,0.6270,-1,-1,-1
576,196,1833.52,587.04,64.92,174.32,0.3959,-1,-1,-1
576,195,1291.49,541.27,24.28,62.85,0.2569,-1,-1,-1
576,183,328.57,598.61,73.67,145.31,0.7441,-1,-1,-1
576,177,165.19,806.68,160.30,271.69,0.6867,-1,-1,-1
577,196,1828.03,582.01,62.86,181.43,0.4354,-1,-1,-1
577,183,311.94,599.31,75.93,144.02,0.6863,-1,-1,-1
577,177,145.53,808.58,153.59,217.14,0.5247,-1,-1,-1
578,196,1820.95,581.05,59.30,183.40,0.2792,-1,-1,-1
578,183,293.94,597.13,76.11,150.51,0.7531,-1,-1,-1
578,177,107.03,811.65,164.44,267.43,0.4211,-1,-1,-1
579,196,1815.22,587.31,57.70,179.57,0.5370,-1,-1,-1
579,183,278.28,597.65,71.85,152.41,0.7546,-1,-1,-1
579,177,83.48,819.02,160.87,211.50,0.5873,-1,-1,-1
580,196,1809.23,592.02,58.84,177.64,0.6318,-1,-1,-1
580,183,263.80,600.96,73.84,150.00,0.6790,-1,-1,-1
580,177,52.79,823.83,161.97,246.02,0.4697,-1,-1,-1
581,196,1802.88,590.57,60.82,181.59,0.4666,-1,-1,-1
581,195,1258.79,529.97,30.05,74.86,0.3596,-1,-1,-1
581,183,245.60,596.12,74.62,159.28,0.7598,-1,-1,-1
581,177,5.56,829.62,177.39,250.38,0.7612,-1,-1,-1
582,196,1795.04,589.55,64.16,184.54,0.5943,-1,-1,-1
582,183,230.51,598.74,71.49,157.77,0.7674,-1,-1,-1
582,177,0.78,833.96,156.62,246.04,0.8050,-1,-1,-1
583,196,1789.16,606.31,65.12,168.05,0.5116,-1,-1,-1
583,183,210.21,599.66,79.84,160.04,0.7496,-1,-1,-1
583,177,0.14,836.11,131.15,234.33,0.6352,-1,-1,-1
584,196,1783.15,616.40,63.83,158.84,0.4755,-1,-1,-1
584,183,195.10,598.25,79.77,167.95,0.7856,-1,-1,-1
584,177,0.29,835.29,99.88,239.69,0.7330,-1,-1,-1
585,196,1778.28,606.47,65.05,166.44,0.3031,-1,-1,-1
585,183,186.39,601.12,75.08,172.30,0.8117,-1,-1,-1
585,177,0.23,844.78,71.12,234.00,0.7105,-1,-1,-1
586,196,1775.16,585.99,64.08,185.26,0.3876,-1,-1,-1
586,195,1240.43,528.43,26.09,76.61,0.4129,-1,-1,-1
586,183,167.43,605.34,79.58,169.11,0.7213,-1,-1,-1
586,177,0.34,924.28,41.91,155.72,0.5272,-1,-1,-1
587,196,1775.01,590.77,53.80,162.65,0.3607,-1,-1,-1
587,195,1235.41,524.96,29.05,77.58,0.3217,-1,-1,-1
587,183,155.40,607.92,82.57,169.75,0.7766,-1,-1,-1
588,196,1773.01,585.69,56.68,163.69,0.4643,-1,-1,-1
588,183,141.54,609.68,82.11,173.71,0.7847,-1,-1,-1
589,196,1767.85,583.20,55.58,162.97,0.5740,-1,-1,-1
589,195,1227.52,524.72,31.01,75.15,0.2844,-1,-1,-1
589,183,126.58,612.97,85.72,173.40,0.7694,-1,-1,-1
590,196,1766.03,581.48,58.90,171.56,0.6646,-1,-1,-1
590,195,1225.15,517.51,31.89,85.86,0.3819,-1,-1,-1
590,183,114.00,613.92,85.41,177.73,0.7594,-1,-1,-1
591,196,1765.17,581.91,61.52,169.99,0.7534,-1,-1,-1
591,195,1225.39,527.37,30.19,75.85,0.4291,-1,-1,-1
591,183,99.20,613.97,82.81,179.51,0.7862,-1,-1,-1
592,196,1764.19,578.93,62.72,167.75,0.7301,-1,-1,-1
592,195,1226.48,528.63,27.96,74.46,0.3662,-1,-1,-1
592,183,85.05,618.38,86.49,175.55,0.7912,-1,-1,-1
593,200,332.22,534.83,42.84,98.43,0.5746,-1,-1,-1
593,196,1763.96,582.73,62.68,168.52,0.7708,-1,-1,-1
593,195,1224.29,528.25,28.08,75.28,0.4409,-1,-1,-1
593,183,71.65,617.09,85.94,183.06,0.7663,-1,-1,-1
594,200,330.92,536.51,38.30,97.11,0.4646,-1,-1,-1
594,196,1760.63,580.10,67.64,173.26,0.7166,-1,-1,-1
594,195,1223.27,528.65,29.49,74.07,0.4172,-1,-1,-1
594,183,55.40,620.85,92.90,184.72,0.7571,-1,-1,-1
595,200,325.65,536.43,41.10,95.60,0.5058,-1,-1,-1
595,196,1748.58,581.73,82.57,177.83,0.7262,-1,-1,-1
595,195,1223.05,527.56,29.41,77.04,0.4104,-1,-1,-1
595,183,44.14,620.71,87.55,188.74,0.7899,-1,-1,-1
596,200,319.31,536.00,43.99,97.83,0.5003,-1,-1,-1
596,196,1748.59,581.03,84.20,178.02,0.7310,-1,-1,-1
596,195,1225.21,527.04,29.19,76.46,0.4221,-1,-1,-1
596,183,29.28,625.89,90.64,189.24,0.7928,-1,-1,-1
597,200,314.72,531.50,41.88,105.28,0.6774,-1,-1,-1
597,196,1757.21,587.79,77.68,170.63,0.7489,-1,-1,-1
597,195,1227.25,527.79,27.58,76.44,0.3632,-1,-1,-1
597,183,14.97,626.51,91.50,192.49,0.7592,-1,-1,-1
598,200,310.38,536.53,42.06,104.91,0.5361,-1,-1,-1
598,196,1759.68,585.97,80.88,170.59,0.7621,-1,-1,-1
598,195,1228.36,528.11,27.16,76.22,0.3452,-1,-1,-1
598,183,1.58,637.59,97.78,191.70,0.7891,-1,-1,-1
599,200,308.83,542.81,41.52,98.12,0.4999,-1,-1,-1
599,196,1765.10,583.11,81.52,173.60,0.7710,-1,-1,-1
599,195,1230.37,525.21,28.19,79.84,0.4843,-1,-1,-1
599,183,0.92,639.04,83.09,192.45,0.7887,-1,-1,-1
600,200,303.75,545.01,44.42,97.99,0.4881,-1,-1,-1
600,196,1765.95,581.75,81.82,177.80,0.7862,-1,-1,-1
600,195,1231.54,519.97,29.72,85.23,0.5879,-1,-1,-1
600,183,0.21,648.08,73.31,190.77,0.7799,-1,-1,-1
601,200,297.92,539.11,48.34,105.01,0.4740,-1,-1,-1
601,196,1777.36,579.97,72.36,179.33,0.7812,-1,-1,-1
601,195,1233.24,523.33,29.05,82.25,0.4027,-1,-1,-1
601,183,0.00,650.18,60.40,192.13,0.7086,-1,-1,-1
602,200,293.98,536.31,49.85,110.33,0.4386,-1,-1,-1
602,196,1785.78,576.51,66.17,182.73,0.7091,-1,-1,-1
602,195,1234.35,521.17,28.72,84.00,0.3458,-1,-1,-1
602,183,0.00,662.83,49.10,180.94,0.5064,-1,-1,-1
603,200,290.93,521.82,48.81,126.31,0.5466,-1,-1,-1
603,196,1790.12,579.57,62.57,182.21,0.6265,-1,-1,-1
603,195,1235.31,519.17,31.29,88.36,0.4021,-1,-1,-1
603,183,0.16,673.92,34.35,175.37,0.4416,-1,-1,-1
604,200,289.05,547.63,47.60,101.73,0.6024,-1,-1,-1
604,196,1803.18,574.44,50.64,187.78,0.4709,-1,-1,-1
604,195,1237.39,519.99,30.21,88.33,0.5448,-1,-1,-1
605,200,285.22,515.78,52.24,132.37,0.4644,-1,-1,-1
605,196,1812.55,582.71,46.58,181.79,0.5071,-1,-1,-1
605,195,1239.76,518.58,29.80,88.18,0.6185,-1,-1,-1
606,200,282.27,532.83,50.55,116.49,0.5505,-1,-1,-1
606,195,1243.17,514.47,28.02,91.29,0.6174,-1,-1,-1
607,200,279.92,543.49,50.67,107.18,0.5706,-1,-1,-1
607,195,1244.16,515.13,29.42,91.25,0.6151,-1,-1,-1
608,200,277.84,542.54,48.94,105.85,0.6194,-1,-1,-1
608,195,1247.06,517.07,29.88,90.20,0.3066,-1,-1,-1
609,200,276.62,547.64,48.38,97.75,0.4792,-1,-1,-1
609,195,1250.63,518.52,31.78,89.64,0.5396,-1,-1,-1
610,200,273.97,523.06,49.93,120.69,0.5587,-1,-1,-1
610,195,1252.32,517.73,33.35,91.95,0.4888,-1,-1,-1
611,200,271.09,509.34,51.49,134.03,0.5750,-1,-1,-1
611,196,1819.43,587.88,45.01,178.15,0.3929,-1,-1,-1
611,195,1255.69,515.80,29.61,97.28,0.4308,-1,-1,-1
612,200,268.04,503.65,50.23,140.66,0.6361,-1,-1,-1
612,196,1824.93,591.57,44.85,181.25,0.4173,-1,-1,-1
612,195,1259.72,520.77,29.56,93.18,0.4562,-1,-1,-1
613,200,263.34,497.64,54.58,145.73,0.6912,-1,-1,-1
613,196,1828.62,596.22,50.81,179.42,0.5438,-1,-1,-1
613,195,1263.40,523.08,29.56,91.80,0.5649,-1,-1,-1
614,200,260.64,498.72,54.58,145.66,0.7440,-1,-1,-1
614,196,1834.57,596.42,62.76,188.82,0.5610,-1,-1,-1
614,195,1266.08,524.13,29.58,90.38,0.6230,-1,-1,-1
615,200,258.49,497.75,52.06,147.00,0.7417,-1,-1,-1
615,196,1839.53,601.54,63.10,196.23,0.5262,-1,-1,-1
615,195,1267.36,524.62,30.31,90.84,0.6180,-1,-1,-1
616,200,255.78,500.55,48.89,144.45,0.6219,-1,-1,-1
616,196,1848.10,604.55,58.12,192.27,0.5736,-1,-1,-1
616,195,1269.37,527.48,31.05,94.58,0.6309,-1,-1,-1
617,200,253.85,501.63,50.41,142.16,0.6405,-1,-1,-1
617,196,1852.12,612.23,53.34,190.03,0.5695,-1,-1,-1
617,195,1272.75,528.29,30.73,96.67,0.5778,-1,-1,-1
618,200,250.16,504.08,49.39,141.35,0.6317,-1,-1,-1
618,196,1854.58,610.46,64.82,198.32,0.6581,-1,-1,-1
618,195,1275.05,531.47,32.57,96.24,0.5522,-1,-1,-1
619,200,248.30,506.81,49.51,141.18,0.6438,-1,-1,-1
619,196,1861.80,608.44,57.60,204.57,0.6305,-1,-1,-1
619,195,1275.92,532.28,34.42,95.82,0.6064,-1,-1,-1
620,200,246.09,506.73,50.00,142.06,0.5905,-1,-1,-1
620,196,1869.51,609.67,49.88,207.72,0.6591,-1,-1,-1
620,195,1276.05,532.59,37.32,99.25,0.6345,-1,-1,-1
621,200,244.21,501.39,49.59,148.52,0.6202,-1,-1,-1
621,196,1877.81,609.84,41.61,206.41,0.5314,-1,-1,-1
621,195,1283.48,529.77,34.15,103.51,0.6011,-1,-1,-1
622,201,310.74,480.50,18.99,33.42,0.2966,-1,-1,-1
622,200,241.38,501.93,49.01,147.84,0.6673,-1,-1,-1
622,196,1881.46,611.06,37.97,198.49,0.6150,-1,-1,-1
622,195,1288.57,530.29,30.25,106.30,0.5723,-1,-1,-1
623,201,311.48,483.02,17.57,34.11,0.3133,-1,-1,-1
623,200,238.46,499.60,48.85,155.65,0.6347,-1,-1,-1
623,196,1888.18,602.87,31.25,194.95,0.3994,-1,-1,-1
623,195,1293.22,527.96,33.90,103.49,0.6337,-1,-1,-1
624,200,237.62,499.85,48.03,152.68,0.6679,-1,-1,-1
624,195,1295.89,530.68,36.14,105.49,0.6203,-1,-1,-1
625,201,308.51,484.05,19.35,38.05,0.3722,-1,-1,-1
625,200,236.32,513.31,48.34,145.15,0.6579,-1,-1,-1
625,195,1301.08,536.69,35.66,102.16,0.6304,-1,-1,-1
626,200,235.46,523.10,49.30,132.43,0.6768,-1,-1,-1
626,195,1305.07,530.65,43.17,109.35,0.5578,-1,-1,-1
627,201,310.19,486.89,18.73,37.21,0.3054,-1,-1,-1
627,200,235.01,538.53,47.63,124.38,0.6338,-1,-1,-1
627,195,1313.18,529.73,37.92,109.85,0.6457,-1,-1,-1
628,201,310.46,487.09,19.23,35.40,0.2794,-1,-1,-1
628,200,235.06,539.26,48.81,122.92,0.6426,-1,-1,-1
628,195,1318.56,531.87,38.64,107.63,0.6342,-1,-1,-1
629,201,310.63,491.37,18.32,37.05,0.4438,-1,-1,-1
629,200,234.64,554.52,47.35,115.43,0.7022,-1,-1,-1
629,195,1324.07,530.47,39.46,105.80,0.7123,-1,-1,-1
630,201,312.39,491.64,19.05,36.98,0.3589,-1,-1,-1
630,200,235.45,549.97,48.09,119.84,0.6715,-1,-1,-1
630,195,1330.96,530.38,43.23,107.46,0.6755,-1,-1,-1
631,200,235.94,551.91,52.13,117.75,0.6435,-1,-1,-1
631,195,1340.70,528.57,38.10,109.83,0.6769,-1,-1,-1
632,200,237.97,553.37,52.48,119.72,0.6209,-1,-1,-1
632,195,1346.61,531.44,40.80,108.30,0.7132,-1,-1,-1
633,200,238.36,549.95,54.82,124.64,0.6099,-1,-1,-1
633,195,1354.06,536.45,43.57,108.51,0.6610,-1,-1,-1
634,200,240.06,552.24,50.12,125.72,0.6022,-1,-1,-1
634,195,1363.86,536.99,40.02,107.16,0.6405,-1,-1,-1
635,200,241.60,548.07,53.01,129.01,0.5529,-1,-1,-1
635,195,1368.93,531.07,44.81,119.59,0.7261,-1,-1,-1
636,200,243.67,549.37,51.21,129.87,0.5862,-1,-1,-1
636,195,1378.39,539.76,42.24,112.78,0.6076,-1,-1,-1
637,200,245.17,538.85,54.35,142.45,0.5289,-1,-1,-1
637,195,1389.63,538.26,40.22,115.49,0.4784,-1,-1,-1
638,200,246.27,532.19,54.09,151.02,0.6135,-1,-1,-1
638,195,1397.37,538.21,43.56,122.11,0.6066,-1,-1,-1
639,200,248.64,537.14,54.50,148.85,0.6487,-1,-1,-1
639,195,1413.03,552.19,36.38,110.61,0.4551,-1,-1,-1
640,200,251.22,535.10,52.04,152.83,0.6525,-1,-1,-1
640,195,1418.82,554.21,40.37,106.62,0.3656,-1,-1,-1
641,200,254.74,538.72,52.12,151.07,0.6611,-1,-1,-1
641,195,1431.19,553.14,37.64,104.91,0.5201,-1,-1,-1
642,200,257.50,534.62,52.09,155.42,0.5651,-1,-1,-1
642,195,1442.59,559.51,38.99,105.80,0.5630,-1,-1,-1
643,200,259.56,530.20,50.88,162.62,0.5508,-1,-1,-1
643,195,1455.65,562.50,36.06,95.50,0.3616,-1,-1,-1
644,200,262.76,529.40,47.70,162.98,0.4253,-1,-1,-1
645,200,266.98,572.58,47.55,122.26,0.3867,-1,-1,-1
645,195,1480.52,564.55,34.54,71.41,0.4168,-1,-1,-1
646,200,271.88,572.78,46.88,124.42,0.4154,-1,-1,-1
646,195,1489.16,563.86,41.35,71.25,0.4665,-1,-1,-1
647,200,275.58,535.28,43.74,161.12,0.4641,-1,-1,-1
647,195,1503.63,569.46,36.87,68.73,0.2958,-1,-1,-1
648,200,279.55,565.77,47.14,130.71,0.5229,-1,-1,-1
649,200,283.00,534.78,45.56,154.49,0.4939,-1,-1,-1
650,200,285.20,531.50,49.23,162.63,0.5935,-1,-1,-1
651,200,291.68,530.55,50.67,166.40,0.4293,-1,-1,-1
652,200,300.45,554.86,45.62,126.62,0.5725,-1,-1,-1
653,200,309.16,557.72,42.52,128.19,0.3337,-1,-1,-1
654,200,312.48,556.63,41.71,135.12,0.5726,-1,-1,-1
655,200,319.84,518.29,42.64,167.77,0.4945,-1,-1,-1
656,203,1634.77,563.96,49.21,54.63,0.3289,-1,-1,-1
656,200,327.38,533.35,45.57,166.25,0.5395,-1,-1,-1
657,203,1657.67,564.77,46.22,61.65,0.3427,-1,-1,-1
657,200,335.51,532.25,45.82,171.54,0.5519,-1,-1,-1
658,203,1676.33,571.02,44.45,61.79,0.3262,-1,-1,-1
658,200,347.49,578.15,44.53,129.39,0.3959,-1,-1,-1
659,200,347.50,590.15,51.83,132.30,0.3628,-1,-1,-1
660,203,1712.03,592.36,51.75,66.32,0.2557,-1,-1,-1
660,200,358.88,590.41,46.52,129.80,0.4924,-1,-1,-1
661,203,1723.51,599.20,60.14,64.69,0.3983,-1,-1,-1
661,200,359.06,592.05,51.41,132.18,0.5637,-1,-1,-1
662,203,1749.19,608.28,55.34,59.77,0.3074,-1,-1,-1
662,200,366.13,597.03,54.00,125.36,0.5369,-1,-1,-1
663,200,379.63,599.47,47.21,119.94,0.5336,-1,-1,-1
664,200,381.85,592.21,55.51,126.02,0.6049,-1,-1,-1
665,200,389.10,597.64,56.84,117.97,0.4860,-1,-1,-1
666,207,377.35,524.48,26.85,78.01,0.5471,-1,-1,-1
666,203,1820.49,633.24,66.49,74.78,0.2609,-1,-1,-1
666,200,393.32,592.97,65.24,120.43,0.6449,-1,-1,-1
667,200,395.25,586.28,76.14,128.22,0.5617,-1,-1,-1
668,207,388.24,523.71,27.80,75.50,0.5840,-1,-1,-1
668,200,396.27,581.50,89.13,138.04,0.6016,-1,-1,-1
669,207,395.16,517.62,25.09,77.43,0.3688,-1,-1,-1
669,200,405.67,574.37,97.97,141.82,0.4365,-1,-1,-1
670,207,400.68,512.98,29.05,80.74,0.6398,-1,-1,-1
670,200,414.99,571.49,99.72,143.23,0.6277,-1,-1,-1
671,207,405.06,512.00,27.41,77.04,0.4921,-1,-1,-1
671,200,428.23,568.55,95.67,145.03,0.5765,-1,-1,-1
672,207,411.61,509.12,27.77,75.74,0.4475,-1,-1,-1
674,200,503.13,559.01,57.38,139.23,0.3765,-1,-1,-1
675,210,556.83,476.47,22.45,50.50,0.3768,-1,-1,-1
675,207,428.14,492.40,32.43,83.60,0.3896,-1,-1,-1
675,200,476.86,558.96,99.14,145.51,0.3060,-1,-1,-1
676,210,560.35,480.08,21.40,48.52,0.3301,-1,-1,-1
676,207,431.31,499.03,30.38,81.41,0.5492,-1,-1,-1
677,211,572.14,482.24,19.40,43.31,0.3760,-1,-1,-1
677,207,437.54,492.85,34.84,85.58,0.4568,-1,-1,-1
677,200,530.85,564.48,73.29,138.95,0.2552,-1,-1,-1
678,211,577.46,480.61,21.65,48.36,0.2967,-1,-1,-1
678,207,440.88,496.55,36.30,86.89,0.3790,-1,-1,-1
678,200,537.87,566.88,82.55,140.55,0.3028,-1,-1,-1
679,207,449.54,511.18,35.82,82.19,0.3661,-1,-1,-1
679,200,535.02,574.05,100.19,145.16,0.5492,-1,-1,-1
680,211,595.14,487.23,18.63,43.85,0.3312,-1,-1,-1
680,200,573.65,568.71,74.64,138.69,0.3370,-1,-1,-1
681,200,586.38,596.96,79.06,141.00,0.4250,-1,-1,-1
682,200,605.15,618.88,71.97,138.56,0.3639,-1,-1,-1
683,207,463.05,520.92,31.70,89.25,0.3559,-1,-1,-1
683,200,619.53,593.53,59.55,135.80,0.3245,-1,-1,-1
684,207,464.89,519.48,35.66,80.95,0.2997,-1,-1,-1
685,207,470.14,518.66,32.57,80.78,0.4306,-1,-1,-1
685,200,642.17,583.16,75.97,140.36,0.2761,-1,-1,-1
686,207,474.51,509.39,30.86,82.32,0.4774,-1,-1,-1
686,200,662.01,572.84,49.71,126.69,0.4332,-1,-1,-1
687,214,628.40,474.28,22.00,57.75,0.4425,-1,-1,-1
687,207,483.20,507.28,32.40,79.74,0.4386,-1,-1,-1
687,200,665.04,575.19,66.02,139.09,0.2949,-1,-1,-1
688,214,633.23,480.32,20.12,49.50,0.3053,-1,-1,-1
688,207,485.58,506.37,29.36,80.91,0.3723,-1,-1,-1
688,200,655.45,573.68,111.15,143.37,0.3336,-1,-1,-1
689,214,641.02,479.65,23.88,48.01,0.2961,-1,-1,-1
689,200,663.70,567.44,112.18,150.24,0.4291,-1,-1,-1
690,214,648.21,476.92,20.75,49.75,0.3626,-1,-1,-1
690,207,495.35,502.60,27.30,82.47,0.4606,-1,-1,-1
690,200,679.76,564.31,110.01,151.72,0.4662,-1,-1,-1
691,214,652.86,474.91,19.79,49.76,0.3818,-1,-1,-1
691,207,501.86,504.94,25.84,79.41,0.3198,-1,-1,-1
691,200,699.05,566.02,107.91,152.38,0.5892,-1,-1,-1
692,216,1207.50,499.10,27.09,66.00,0.2793,-1,-1,-1
692,214,658.07,475.58,17.23,47.55,0.3417,-1,-1,-1
692,207,507.74,500.70,27.55,82.24,0.5562,-1,-1,-1
692,200,718.40,570.71,100.11,146.13,0.4479,-1,-1,-1
693,216,1215.78,500.52,26.99,64.55,0.2933,-1,-1,-1
693,214,667.17,475.89,20.58,47.53,0.3278,-1,-1,-1
693,207,510.58,496.10,34.46,89.14,0.3800,-1,-1,-1
693,200,770.78,574.33,64.15,144.92,0.5255,-1,-1,-1
694,216,1222.34,501.57,27.11,71.86,0.3503,-1,-1,-1
694,214,671.86,475.88,19.52,52.35,0.3576,-1,-1,-1
694,207,510.87,498.71,36.58,88.31,0.4959,-1,-1,-1
694,200,773.87,581.93,81.70,140.97,0.4815,-1,-1,-1
695,214,677.07,476.59,20.08,53.52,0.4115,-1,-1,-1
695,207,517.11,501.13,32.68,87.18,0.5228,-1,-1,-1
695,200,791.29,585.50,79.72,147.46,0.3590,-1,-1,-1
696,214,678.96,472.42,21.77,56.10,0.2940,-1,-1,-1
696,207,527.85,501.88,31.07,81.22,0.4362,-1,-1,-1
697,214,690.72,481.80,20.18,46.84,0.2569,-1,-1,-1
697,207,529.67,504.48,32.08,82.13,0.4885,-1,-1,-1
698,214,695.12,477.75,19.23,52.32,0.3752,-1,-1,-1
698,207,532.57,500.35,31.81,89.43,0.4732,-1,-1,-1
698,200,824.47,582.99,99.10,155.22,0.2630,-1,-1,-1
699,218,725.77,481.88,14.41,45.92,0.2604,-1,-1,-1
699,216,1260.68,519.21,29.33,65.27,0.2742,-1,-1,-1
699,214,699.16,476.67,20.91,53.60,0.4813,-1,-1,-1
699,207,534.04,500.39,34.89,90.37,0.3028,-1,-1,-1
699,200,841.83,582.64,96.60,158.51,0.5785,-1,-1,-1
700,219,739.68,480.16,16.79,47.35,0.2833,-1,-1,-1
700,218,722.07,483.49,15.19,47.79,0.2594,-1,-1,-1
700,216,1270.22,519.06,25.54,63.73,0.3106,-1,-1,-1
700,214,702.78,479.68,19.89,52.62,0.4622,-1,-1,-1
700,207,537.18,501.35,35.45,93.06,0.5294,-1,-1,-1
700,200,853.72,583.92,104.41,159.67,0.5884,-1,-1,-1
701,214,713.40,482.03,22.79,50.34,0.2926,-1,-1,-1
701,207,544.27,505.50,32.43,89.86,0.4031,-1,-1,-1
701,200,884.00,590.97,90.54,156.90,0.4995,-1,-1,-1
702,219,749.22,481.18,19.73,49.58,0.3363,-1,-1,-1
702,214,718.73,478.51,18.86,54.38,0.4290,-1,-1,-1
702,207,550.56,507.71,32.97,86.10,0.3620,-1,-1,-1
702,200,929.10,599.66,64.70,153.24,0.5881,-1,-1,-1
703,219,748.96,482.36,19.08,49.01,0.2904,-1,-1,-1
703,214,721.62,472.91,22.15,60.76,0.4195,-1,-1,-1
703,207,554.62,504.74,32.14,90.36,0.5539,-1,-1,-1
703,200,952.08,604.56,59.67,153.84,0.5376,-1,-1,-1
704,214,725.65,476.47,20.90,60.67,0.3660,-1,-1,-1
704,207,555.24,508.94,34.56,91.53,0.5844,-1,-1,-1
704,200,955.47,611.77,73.42,154.83,0.6474,-1,-1,-1
705,219,764.98,479.12,16.11,53.22,0.2820,-1,-1,-1
705,214,727.77,476.66,20.99,59.66,0.4064,-1,-1,-1
705,207,554.21,508.11,40.96,94.63,0.5363,-1,-1,-1
705,200,977.35,612.61,67.62,155.82,0.6481,-1,-1,-1
706,219,771.00,484.61,16.31,50.20,0.2734,-1,-1,-1
706,216,1308.57,536.42,28.44,75.13,0.2583,-1,-1,-1
706,214,738.19,485.57,23.36,52.90,0.3618,-1,-1,-1
706,207,562.47,510.77,33.45,92.89,0.6116,-1,-1,-1
706,200,984.54,615.58,80.75,159.61,0.7583,-1,-1,-1
707,216,1316.86,537.59,25.71,66.75,0.3049,-1,-1,-1
707,214,740.03,489.40,21.51,51.82,0.3386,-1,-1,-1
707,207,564.59,512.94,33.05,95.63,0.6616,-1,-1,-1
707,200,993.54,613.64,90.93,169.35,0.7423,-1,-1,-1
708,214,743.00,490.27,21.42,52.78,0.3710,-1,-1,-1
708,207,567.37,517.66,32.55,95.76,0.6891,-1,-1,-1
708,200,992.35,615.65,110.47,173.34,0.6746,-1,-1,-1
709,214,745.56,492.52,22.24,54.08,0.3624,-1,-1,-1
709,207,568.71,520.04,34.16,98.59,0.6430,-1,-1,-1
709,200,999.69,608.97,125.80,179.79,0.7636,-1,-1,-1
710,214,749.10,501.65,20.03,52.74,0.3888,-1,-1,-1
710,207,575.05,530.59,33.86,89.57,0.6403,-1,-1,-1
710,200,1015.63,622.24,126.38,179.50,0.7748,-1,-1,-1
711,219,769.98,506.06,16.80,47.24,0.2989,-1,-1,-1
711,214,749.97,503.67,19.60,52.04,0.4168,-1,-1,-1
711,207,575.42,533.89,34.45,88.55,0.5305,-1,-1,-1
711,200,1048.28,619.92,115.78,176.53,0.7111,-1,-1,-1
712,214,756.33,505.35,30.12,52.69,0.3848,-1,-1,-1
712,207,575.90,535.19,36.85,93.51,0.7177,-1,-1,-1
712,200,1072.64,633.64,106.71,177.15,0.4789,-1,-1,-1
713,214,760.81,505.74,23.51,50.27,0.3481,-1,-1,-1
713,207,575.64,534.77,37.35,95.03,0.7372,-1,-1,-1
713,200,1126.94,631.28,72.54,168.77,0.5796,-1,-1,-1
714,214,762.03,510.64,20.31,53.68,0.4318,-1,-1,-1
714,207,579.65,542.68,36.91,99.50,0.6552,-1,-1,-1
714,200,1128.18,636.56,99.23,169.78,0.7374,-1,-1,-1
715,214,764.12,503.44,20.26,61.73,0.4276,-1,-1,-1
715,207,579.42,539.29,38.59,103.06,0.5902,-1,-1,-1
715,200,1139.78,634.96,100.12,174.06,0.7451,-1,-1,-1
716,214,768.60,503.03,23.92,61.01,0.4151,-1,-1,-1
716,207,581.21,544.09,37.80,100.99,0.5081,-1,-1,-1
716,200,1154.84,631.26,102.50,180.25,0.7684,-1,-1,-1
717,214,771.15,510.28,21.89,52.80,0.3222,-1,-1,-1
717,207,579.35,544.91,40.14,101.70,0.5572,-1,-1,-1
717,200,1172.67,628.81,104.29,185.11,0.7812,-1,-1,-1
718,214,772.82,509.41,23.20,55.40,0.3734,-1,-1,-1
718,207,585.38,553.20,35.06,96.66,0.4841,-1,-1,-1
718,200,1189.14,624.49,110.06,196.23,0.7914,-1,-1,-1
719,219,781.80,508.83,27.69,56.57,0.2545,-1,-1,-1
719,214,775.27,505.25,22.99,60.58,0.2542,-1,-1,-1
719,207,584.57,546.95,38.45,100.37,0.5349,-1,-1,-1
719,200,1210.36,632.78,110.81,193.26,0.6608,-1,-1,-1
720,219,781.68,509.00,28.54,58.74,0.2573,-1,-1,-1
720,207,585.27,551.74,39.65,102.12,0.5675,-1,-1,-1
720,200,1229.39,631.92,114.73,198.21,0.6718,-1,-1,-1
721,214,782.70,513.26,25.48,55.47,0.3473,-1,-1,-1
721,207,587.86,551.49,41.53,103.13,0.4913,-1,-1,-1
721,200,1262.04,636.59,96.48,170.42,0.4787,-1,-1,-1
722,219,785.48,517.07,23.01,51.31,0.3642,-1,-1,-1
722,207,592.72,553.74,37.65,102.34,0.5360,-1,-1,-1
722,200,1296.52,648.43,84.99,198.29,0.4726,-1,-1,-1
723,214,790.60,513.66,26.02,55.39,0.3732,-1,-1,-1
723,207,593.91,550.41,39.38,105.71,0.3706,-1,-1,-1
723,200,1311.13,656.75,102.79,193.76,0.4478,-1,-1,-1
724,224,1413.70,539.32,30.00,77.42,0.3131,-1,-1,-1
724,223,819.63,528.06,19.42,48.29,0.2843,-1,-1,-1
724,219,793.08,524.51,23.30,53.28,0.3642,-1,-1,-1
724,207,594.64,563.18,37.38,102.78,0.4859,-1,-1,-1
724,200,1348.36,663.71,90.32,196.55,0.5486,-1,-1,-1
725,225,827.62,527.62,21.45,48.57,0.2618,-1,-1,-1
725,223,819.84,526.64,19.50,50.96,0.3068,-1,-1,-1
725,219,797.13,525.05,22.65,53.01,0.4732,-1,-1,-1
725,207,595.05,566.09,37.34,103.77,0.5707,-1,-1,-1
725,200,1371.84,663.34,91.89,205.52,0.7108,-1,-1,-1
726,226,838.98,527.12,18.45,47.12,0.2904,-1,-1,-1
726,219,799.50,520.58,21.03,57.26,0.3632,-1,-1,-1
726,214,815.87,523.72,20.54,53.77,0.2779,-1,-1,-1
726,207,597.19,565.67,37.52,102.97,0.5734,-1,-1,-1
726,200,1382.33,673.10,106.97,208.79,0.6203,-1,-1,-1
727,226,840.58,530.91,16.91,47.78,0.2752,-1,-1,-1
727,219,801.51,526.72,21.13,55.40,0.2900,-1,-1,-1
727,214,812.92,530.61,20.81,51.60,0.2511,-1,-1,-1
727,207,597.26,570.04,42.47,106.98,0.7153,-1,-1,-1
727,200,1433.12,671.43,74.24,171.11,0.4060,-1,-1,-1
728,227,1510.74,554.55,28.59,75.11,0.2834,-1,-1,-1
728,214,813.15,525.43,22.15,57.98,0.3867,-1,-1,-1
728,207,597.66,568.85,43.11,105.97,0.6729,-1,-1,-1
728,200,1407.77,681.60,130.86,220.46,0.5803,-1,-1,-1
729,226,839.95,528.48,21.71,50.08,0.3220,-1,-1,-1
729,214,813.84,524.15,20.42,56.97,0.3840,-1,-1,-1
729,207,597.92,565.73,44.15,110.39,0.6381,-1,-1,-1
729,200,1429.21,679.54,139.22,222.36,0.7226,-1,-1,-1
730,227,1522.67,552.16,29.82,78.06,0.3060,-1,-1,-1
730,226,839.70,532.43,18.63,49.62,0.2605,-1,-1,-1
730,214,817.12,524.40,21.17,59.87,0.3511,-1,-1,-1
730,207,599.60,569.84,45.69,111.52,0.5670,-1,-1,-1
730,200,1521.46,689.49,76.64,226.20,0.4556,-1,-1,-1
731,227,1526.76,553.06,31.89,77.16,0.3214,-1,-1,-1
731,226,843.32,528.41,21.62,53.94,0.2778,-1,-1,-1
731,214,817.74,524.87,23.22,59.22,0.4066,-1,-1,-1
731,207,600.13,564.25,47.73,116.30,0.6680,-1,-1,-1
732,226,843.85,530.48,21.84,51.37,0.2626,-1,-1,-1
732,214,819.87,526.01,22.93,57.31,0.4915,-1,-1,-1
732,207,602.14,564.90,46.53,116.83,0.6757,-1,-1,-1
732,200,1564.69,702.96,80.57,229.26,0.5054,-1,-1,-1
733,226,843.42,527.67,20.23,54.43,0.2550,-1,-1,-1
733,214,820.65,522.12,24.29,60.86,0.5295,-1,-1,-1
733,207,602.62,568.14,46.13,115.04,0.6499,-1,-1,-1
733,200,1590.52,705.68,88.51,227.38,0.7019,-1,-1,-1
734,230,865.40,527.79,16.95,48.80,0.2852,-1,-1,-1
734,225,840.36,528.73,19.97,50.65,0.3749,-1,-1,-1
734,214,824.11,527.26,20.51,51.71,0.4011,-1,-1,-1
734,207,601.97,559.74,47.29,121.98,0.6868,-1,-1,-1
734,200,1592.47,706.76,115.69,231.06,0.6281,-1,-1,-1
735,230,865.79,527.44,17.30,49.26,0.2768,-1,-1,-1
735,225,836.73,527.44,24.82,51.96,0.3768,-1,-1,-1
735,214,824.64,527.22,23.59,51.34,0.2863,-1,-1,-1
735,207,602.71,562.89,47.18,121.84,0.6948,-1,-1,-1
735,200,1610.22,703.29,125.02,233.93,0.7441,-1,-1,-1
736,214,833.94,524.23,23.02,52.11,0.3822,-1,-1,-1
736,207,607.48,559.58,44.87,121.55,0.6750,-1,-1,-1
736,200,1628.26,703.69,137.18,249.31,0.7151,-1,-1,-1
737,230,864.45,527.20,20.11,47.56,0.2676,-1,-1,-1
737,214,834.80,523.37,24.61,53.21,0.3775,-1,-1,-1
737,207,607.38,561.88,46.02,121.69,0.6584,-1,-1,-1
737,200,1658.92,692.27,133.30,263.75,0.7946,-1,-1,-1
738,230,865.77,530.81,22.37,46.58,0.2827,-1,-1,-1
738,214,836.85,525.39,22.33,53.01,0.3541,-1,-1,-1
738,207,606.80,562.89,48.30,122.68,0.6593,-1,-1,-1
738,200,1687.89,707.51,139.05,263.56,0.7550,-1,-1,-1
739,230,873.59,531.98,21.25,47.10,0.2536,-1,-1,-1
739,214,839.84,524.44,22.44,55.33,0.3574,-1,-1,-1
739,207,607.36,565.22,49.79,123.51,0.6562,-1,-1,-1
739,200,1715.15,721.71,154.09,258.71,0.7532,-1,-1,-1
740,230,873.88,530.32,21.01,49.70,0.2659,-1,-1,-1
740,214,840.61,523.99,22.11,57.02,0.4218,-1,-1,-1
740,207,607.80,567.23,49.24,123.30,0.6847,-1,-1,-1
740,200,1746.01,739.69,144.71,248.80,0.7464,-1,-1,-1
741,231,866.38,530.28,18.50,51.11,0.2838,-1,-1,-1
741,230,874.77,531.14,22.09,49.54,0.3139,-1,-1,-1
741,214,841.95,527.38,22.82,55.26,0.4783,-1,-1,-1
741,207,608.08,569.12,49.10,123.89,0.6776,-1,-1,-1
741,200,1784.47,729.09,134.77,266.23,0.5816,-1,-1,-1
742,230,875.16,530.07,22.35,52.96,0.3729,-1,-1,-1
742,214,842.82,528.05,22.41,56.34,0.5105,-1,-1,-1
742,207,609.41,570.28,47.27,123.18,0.6455,-1,-1,-1
742,200,1832.40,755.20,86.99,254.21,0.4326,-1,-1,-1
743,230,877.22,534.69,21.29,48.94,0.2843,-1,-1,-1
743,214,844.14,529.22,22.17,55.09,0.4494,-1,-1,-1
743,207,606.72,571.84,52.11,125.63,0.6303,-1,-1,-1
744,230,877.26,535.30,20.76,48.39,0.2923,-1,-1,-1
744,214,844.61,528.57,21.97,56.00,0.4811,-1,-1,-1
744,207,605.68,571.97,51.02,127.38,0.6293,-1,-1,-1
745,230,881.44,531.93,20.54,52.52,0.3231,-1,-1,-1
745,214,844.42,525.25,22.31,61.54,0.4982,-1,-1,-1
745,207,604.29,573.53,52.60,128.98,0.6668,-1,-1,-1
746,230,877.34,536.42,21.53,50.62,0.3046,-1,-1,-1
746,214,843.95,524.63,23.44,63.70,0.5172,-1,-1,-1
746,207,603.37,574.10,50.79,130.60,0.6264,-1,-1,-1
747,230,876.23,537.87,22.50,48.97,0.2880,-1,-1,-1
747,214,844.41,524.77,24.20,64.24,0.5047,-1,-1,-1
747,207,603.65,575.01,50.92,132.79,0.6538,-1,-1,-1
748,230,883.15,537.65,17.42,48.83,0.2603,-1,-1,-1
748,214,846.69,528.87,23.07,60.01,0.2893,-1,-1,-1
748,207,603.11,575.34,51.18,133.21,0.6733,-1,-1,-1
749,230,886.51,532.33,17.67,51.80,0.2718,-1,-1,-1
749,214,846.92,528.22,22.23,60.64,0.3386,-1,-1,-1
749,207,603.00,577.58,51.13,131.24,0.6753,-1,-1,-1
750,230,886.64,534.11,18.39,50.00,0.2663,-1,-1,-1
750,226,865.68,532.52,18.13,54.19,0.2865,-1,-1,-1
750,214,848.22,529.30,22.44,56.70,0.3369,-1,-1,-1
750,207,602.09,580.08,51.40,129.44,0.6232,-1,-1,-1
